ts,device_id,temperature,humidity,gas,presence
1791532346.9761155,esp8266-01,25.9,53.1,36,False
1791532348.783542,esp8266-01,25.9,53.1,37,False
1791532350.6305592,esp8266-01,25.9,53.2,36,False
1791532352.4513211,esp8266-01,25.9,53.2,36,False
1791532354.3008301,esp8266-01,25.9,53.2,36,False
1791532356.169887,esp8266-01,25.9,53.2,43,False
1791532357.1561675,esp8266-01,25.9,53.2,43,True
1791532357.9719532,esp8266-01,25.9,53.3,43,True
1791532359.7788138,esp8266-01,25.9,53.2,37,True
1791532361.638436,esp8266-01,25.9,53.2,45,True
1791532363.4931078,esp8266-01,25.9,53.2,43,True
1791532364.150067,esp8266-01,25.9,53.2,43,False
1791532365.3032904,esp8266-01,25.9,53.2,43,False
1791532367.149036,esp8266-01,25.9,53.2,43,False
1791532368.9744751,esp8266-01,25.9,53.2,43,False
1791532370.8102715,esp8266-01,25.9,53.3,43,False
1791532375.4058414,esp8266-01,25.9,53.3,43,False
1791532377.2399695,esp8266-01,25.9,53.3,43,False
1791532379.0728717,esp8266-01,25.9,53.3,43,False
1791532380.9067893,esp8266-01,25.9,53.3,43,False
1791532384.1053548,esp8266-01,25.9,53.3,43,False
1791532384.577775,esp8266-01,25.9,53.3,43,False
1791532387.9433706,esp8266-01,25.9,53.2,43,False
1791532388.2404835,esp8266-01,25.9,53.3,43,False
1791532390.106654,esp8266-01,25.9,53.2,43,False
1791532391.909348,esp8266-01,25.9,53.2,43,False
1791532393.7661939,esp8266-01,25.9,53.2,43,False
1791532395.5733953,esp8266-01,25.9,53.2,43,False
1791532397.4223661,esp8266-01,25.9,53.2,43,False
1791532399.2404406,esp8266-01,25.9,53.2,43,False
1791532401.0852993,esp8266-01,25.9,53.2,42,False
1791532402.9056509,esp8266-01,25.9,53.2,43,False
1791532404.7420251,esp8266-01,25.9,53.1,43,False
1791532409.2674997,esp8266-01,25.9,53.1,42,False
1791532411.1029942,esp8266-01,25.9,53.2,43,False
1791532414.22258,esp8266-01,25.9,53.1,43,False
1791532414.770554,esp8266-01,25.9,53.1,42,False
1791532417.591561,esp8266-01,25.9,53.2,43,False
1791532418.43615,esp8266-01,25.9,53.1,43,False
1791532421.7390277,esp8266-01,25.9,53.2,42,False
1791532422.0916045,esp8266-01,25.9,53.1,36,False
1791532424.9955013,esp8266-01,25.9,53.0,42,False
1791532425.767684,esp8266-01,25.9,53.0,43,False
1791532427.6257007,esp8266-01,25.9,53.0,43,False
1791532429.4343817,esp8266-01,25.9,53.0,36,False
1791532431.279583,esp8266-01,25.9,53.1,42,False
1791532433.1007004,esp8266-01,25.9,53.1,36,False
1791532434.377607,esp8266-01,25.9,53.1,36,True
1791532434.9400873,esp8266-01,25.9,53.1,43,True
1791532436.7683773,esp8266-01,25.9,53.3,43,True
1791532441.3481145,esp8266-01,25.9,53.5,43,True
1791532443.0434303,esp8266-01,25.9,53.5,43,False
1791532443.157294,esp8266-01,25.9,53.7,36,False
1791532445.015409,esp8266-01,25.9,53.9,43,False
1791532448.213511,esp8266-01,25.9,54.0,43,False
1791532448.6822429,esp8266-01,25.9,54.1,43,False
1791532451.954756,esp8266-01,25.9,54.0,43,False
1791532452.3491497,esp8266-01,25.9,54.0,43,False
1791532452.8988845,esp8266-01,25.9,54.0,43,True
1791532454.2149298,esp8266-01,25.9,54.0,43,True
1791532456.0167055,esp8266-01,25.9,53.9,44,True
1791532457.8800097,esp8266-01,25.9,53.8,43,True
1791532459.750823,esp8266-01,25.9,53.8,43,False
1791532459.753707,esp8266-01,25.9,53.8,36,False
1791532461.5301995,esp8266-01,25.9,53.7,43,False
1791532463.348081,esp8266-01,25.9,53.6,42,False
1791532465.1894891,esp8266-01,25.9,53.6,43,False
1791532466.9949872,esp8266-01,25.9,53.6,36,False
1791532468.850971,esp8266-01,25.9,53.6,43,False
1791532469.5419965,esp8266-01,25.9,53.5,42,False
1791532475.2671103,esp8266-01,25.9,53.5,43,False
1791532479.2058268,esp8266-01,25.9,53.5,42,False
1791532481.0794477,esp8266-01,25.9,53.4,43,False
1791532481.082004,esp8266-01,25.9,53.4,43,True
1791532481.1284554,esp8266-01,25.9,53.5,43,True
1791532482.5987098,esp8266-01,25.9,53.4,43,True
1791532484.464967,esp8266-01,25.9,53.5,43,True
1791532486.262624,esp8266-01,25.9,53.5,43,False
1791532486.2645826,esp8266-01,25.9,53.5,36,False
1791532488.1206763,esp8266-01,25.9,53.5,43,False
1791532489.9294186,esp8266-01,25.9,53.5,42,False
1791532491.790633,esp8266-01,25.9,53.5,42,False
1791532493.5955203,esp8266-01,25.9,53.4,42,False
1791532495.441519,esp8266-01,25.9,53.5,43,False
1791532495.5845459,esp8266-01,25.9,53.5,43,True
1791532497.2625887,esp8266-01,25.9,53.4,43,True
1791532499.1062486,esp8266-01,25.9,53.5,43,True
1791532500.9071867,esp8266-01,25.9,53.4,43,True
1791532502.529828,esp8266-01,25.9,53.4,43,False
1791532502.7638416,esp8266-01,26.0,53.3,42,False
1791532507.7918153,esp8266-01,26.0,53.3,42,True
1791532507.8920946,esp8266-01,25.9,53.4,43,True
1791532509.112637,esp8266-01,25.9,53.4,43,True
1791532512.9612675,esp8266-01,25.9,53.3,43,True
1791532513.0049796,esp8266-01,25.9,53.3,43,True
1791532513.7463613,esp8266-01,25.9,53.3,43,False
1791532515.7891567,esp8266-01,25.9,53.3,42,False
1791532516.445855,esp8266-01,25.9,53.4,42,False
1791532518.2561114,esp8266-01,25.9,53.3,42,False
1791532520.1124752,esp8266-01,25.9,53.3,42,False
1791532521.9700744,esp8266-01,25.9,53.3,42,False
1791532523.0481076,esp8266-01,25.9,53.3,42,True
1791532523.778663,esp8266-01,25.9,53.4,43,True
1791532525.627397,esp8266-01,25.9,53.3,43,True
1791532527.4423938,esp8266-01,25.9,53.4,36,True
1791532529.2865393,esp8266-01,25.9,53.3,43,True
1791532531.5675888,esp8266-01,25.9,53.3,43,False
1791532531.6369462,esp8266-01,25.9,53.4,36,False
1791532532.9475758,esp8266-01,25.9,53.4,42,False
1791532534.7585034,esp8266-01,25.9,53.4,42,False
1791532539.3729188,esp8266-01,25.9,53.4,42,False
1791532541.101526,esp8266-01,25.9,53.4,42,True
1791532541.1838548,esp8266-01,26.0,53.4,36,True
1791532543.0392673,esp8266-01,25.9,53.4,43,True
1791532544.8492873,esp8266-01,25.9,53.3,43,True
1791532546.7070098,esp8266-01,25.9,53.3,43,True
1791532548.0051887,esp8266-01,25.9,53.3,43,False
1791532548.5742054,esp8266-01,25.9,53.3,43,False
1791532550.372805,esp8266-01,25.9,53.4,42,False
1791532551.615518,esp8266-01,25.9,53.4,42,True
1791532552.2291973,esp8266-01,25.9,53.3,43,True
1791532554.038441,esp8266-01,25.9,53.3,43,True
1791532555.8900614,esp8266-01,25.9,53.3,43,True
1791532557.7052321,esp8266-01,25.9,53.3,43,True
1791532558.5208695,esp8266-01,25.9,53.3,43,False
1791532559.5492084,esp8266-01,25.9,53.3,42,False
1791532561.3716896,esp8266-01,25.9,53.3,42,False
1791532563.2144525,esp8266-01,25.9,53.3,42,False
1791532565.0380282,esp8266-01,25.9,53.3,42,False
1791532566.8746645,esp8266-01,25.9,53.2,42,False
1791532568.70612,esp8266-01,25.9,53.3,42,False
1791532573.287016,esp8266-01,25.9,53.3,42,False
1791532576.4851174,esp8266-01,25.9,53.2,43,False
1791532576.9540071,esp8266-01,25.9,53.2,42,False
1791532578.828734,esp8266-01,25.9,53.2,42,False
1791532580.620207,esp8266-01,25.9,53.2,42,False
1791532582.4874976,esp8266-01,25.9,53.2,42,False
1791532584.2865698,esp8266-01,25.9,53.2,42,False
1791532586.140453,esp8266-01,26.0,53.3,42,False
1791532587.9528348,esp8266-01,25.9,53.2,42,False
1791532589.800824,esp8266-01,26.0,53.3,42,False
1791532591.6192775,esp8266-01,25.9,53.4,43,False
1791532592.1501095,esp8266-01,25.9,53.4,43,True
1791532593.4614735,esp8266-01,25.9,53.2,44,True
1791532595.2866964,esp8266-01,25.9,53.3,44,True
1791532597.1213238,esp8266-01,26.0,53.4,45,True
1791532598.95376,esp8266-01,25.9,53.3,45,True
1791532599.0039005,esp8266-01,25.9,53.3,45,False
1791532600.5995228,esp8266-01,25.9,53.3,45,True
1791532600.7890835,esp8266-01,25.9,53.3,45,True
1791532606.6205409,esp8266-01,26.0,53.3,45,True
1791532607.1542137,esp8266-01,26.0,53.3,44,True
1791532610.8364146,esp8266-01,25.9,53.3,44,True
1791532610.9021838,esp8266-01,25.9,53.3,44,False
1791532610.9059536,esp8266-01,26.0,53.3,43,False
1791532612.6843653,esp8266-01,26.0,53.3,43,False
1791532615.030836,esp8266-01,26.0,53.3,43,True
1791532615.033393,esp8266-01,25.9,53.3,45,True
1791532616.3444598,esp8266-01,26.0,53.2,45,True
1791532618.1530194,esp8266-01,26.0,53.1,44,True
1791532620.0161228,esp8266-01,26.0,53.1,44,True
1791532620.196103,esp8266-01,26.0,53.1,44,False
1791532621.88739,esp8266-01,26.0,53.1,44,True
1791532621.8891711,esp8266-01,25.9,53.2,38,True
1791532623.664865,esp8266-01,26.0,53.2,44,True
1791532625.4847496,esp8266-01,26.0,53.2,37,True
1791532627.326171,esp8266-01,25.9,53.3,43,True
1791532628.5955276,esp8266-01,25.9,53.3,43,False
1791532629.154114,esp8266-01,26.0,53.3,43,False
1791532630.9898355,esp8266-01,26.0,53.5,43,False
1791532632.81992,esp8266-01,26.0,53.7,43,False
1791532637.3957005,esp8266-01,26.0,53.7,43,False
1791532641.0782015,esp8266-01,26.0,53.8,43,False
1791532641.145241,esp8266-01,26.0,53.8,43,True
1791532641.147093,esp8266-01,26.0,53.7,43,True
1791532642.871236,esp8266-01,26.0,53.7,37,True
1791532644.7290618,esp8266-01,26.0,53.6,44,True
1791532646.5855477,esp8266-01,26.0,53.7,44,True
1791532646.6267288,esp8266-01,26.0,53.7,44,False
1791532648.3947356,esp8266-01,26.0,53.6,43,False
1791532650.2526772,esp8266-01,26.0,53.5,43,False
1791532652.0609548,esp8266-01,26.0,53.5,43,False
1791532654.1335194,esp8266-01,26.0,53.5,43,True
1791532654.1372967,esp8266-01,26.0,53.4,44,True
1791532655.728446,esp8266-01,26.0,53.5,43,True
1791532657.568222,esp8266-01,26.0,53.4,44,True
1791532659.3948867,esp8266-01,26.0,53.3,44,True
1791532659.8455315,esp8266-01,26.0,53.3,44,False
1791532661.2280376,esp8266-01,26.0,53.3,43,False
1791532663.0612767,esp8266-01,26.0,53.3,43,False
1791532664.8934793,esp8266-01,26.0,53.3,36,False
1791532665.1249235,esp8266-01,26.0,53.3,36,True
1791532670.405349,esp8266-01,26.0,53.1,43,True
1791532671.3109934,esp8266-01,26.0,53.2,44,True
1791532675.0514593,esp8266-01,26.1,53.2,43,True
1791532675.0967705,esp8266-01,26.1,53.2,43,False
1791532675.1122746,esp8266-01,26.0,53.2,42,False
1791532676.8483062,esp8266-01,26.1,53.2,42,False
1791532678.645275,esp8266-01,26.1,53.2,43,False
1791532680.507431,esp8266-01,26.0,53.2,43,False
1791532682.3097754,esp8266-01,26.0,53.2,43,False
1791532684.158271,esp8266-01,26.0,53.2,43,False
1791532685.977366,esp8266-01,26.0,53.2,43,False
1791532687.303607,esp8266-01,26.0,53.2,43,True
1791532687.820159,esp8266-01,26.0,53.2,43,True
1791532689.6441689,esp8266-01,26.0,53.2,43,True
1791532691.4795878,esp8266-01,26.0,53.2,43,True
1791532693.3106956,esp8266-01,26.0,53.3,43,True
1791532694.2173789,esp8266-01,26.0,53.3,43,False
1791532695.1467657,esp8266-01,26.0,53.4,43,False
1791532696.975766,esp8266-01,26.0,53.6,43,False
1791532697.018339,esp8266-01,26.0,53.6,43,True
1791532698.8117774,esp8266-01,26.0,53.5,43,True
1791532703.3773487,esp8266-01,26.0,53.6,43,True
1791532705.1704657,esp8266-01,26.1,53.7,45,True
1791532706.6571035,esp8266-01,26.1,53.7,45,False
1791532708.296772,esp8266-01,26.0,53.7,43,False
1791532708.8381777,esp8266-01,26.0,53.8,44,False
1791532710.7014408,esp8266-01,26.0,53.8,43,False
1791532712.5044165,esp8266-01,26.1,53.7,43,False
1791532714.3546746,esp8266-01,26.1,53.7,44,False
1791532716.1693642,esp8266-01,26.1,53.6,43,False
1791532718.0154767,esp8266-01,26.1,53.6,43,False
1791532719.833447,esp8266-01,26.1,53.6,37,False
1791532721.6754622,esp8266-01,26.1,53.6,43,False
1791532723.5032563,esp8266-01,26.1,53.6,43,False
1791532725.3373618,esp8266-01,26.1,53.6,43,False
1791532727.1701908,esp8266-01,26.1,53.5,43,False
1791532728.2958806,esp8266-01,26.1,53.5,43,True
1791532729.0042572,esp8266-01,26.1,53.5,44,True
1791532730.87572,esp8266-01,26.1,53.4,44,True
1791532735.4197793,esp8266-01,26.1,53.4,44,True
1791532737.2870653,esp8266-01,26.1,53.4,44,True
1791532737.979165,esp8266-01,26.1,53.4,44,False
1791532739.0856318,esp8266-01,26.1,53.4,43,False
1791532740.9476743,esp8266-01,26.1,53.3,44,False
1791532742.7543745,esp8266-01,26.1,53.3,43,False
1791532744.6056058,esp8266-01,26.1,53.3,43,False
1791532745.1282904,esp8266-01,26.1,53.3,43,True
1791532746.4178765,esp8266-01,26.1,53.4,45,True
1791532748.2668498,esp8266-01,26.1,53.3,44,True
1791532750.0846407,esp8266-01,26.1,53.3,44,True
1791532751.9262776,esp8266-01,26.1,53.2,44,True
1791532751.9687502,esp8266-01,26.1,53.2,44,False
1791532753.7504601,esp8266-01,26.1,53.3,43,False
1791532755.5904126,esp8266-01,26.1,53.2,37,False
1791532757.4174664,esp8266-01,26.1,53.2,43,False
1791532759.254005,esp8266-01,26.1,53.2,43,False
1791532762.7285743,esp8266-01,26.1,53.2,43,True
1791532762.7445395,esp8266-01,26.1,53.1,44,True
1791532762.920264,esp8266-01,26.1,53.0,44,True
1791532764.7964213,esp8266-01,26.1,53.0,44,True
1791532769.2691195,esp8266-01,26.1,52.9,44,True
1791532770.1907449,esp8266-01,26.1,52.9,44,False
1791532772.1841736,esp8266-01,26.1,52.8,43,False
1791532772.9341927,esp8266-01,26.1,52.9,43,False
1791532774.7925506,esp8266-01,26.1,52.8,43,False
1791532776.6003451,esp8266-01,26.1,52.8,44,False
1791532778.4644985,esp8266-01,26.1,52.7,43,False
1791532779.2422256,esp8266-01,26.1,52.7,43,True
1791532780.2660882,esp8266-01,26.1,52.8,43,True
1791532782.1118474,esp8266-01,26.1,52.8,43,True
1791532783.933988,esp8266-01,26.1,52.8,43,True
1791532785.7720666,esp8266-01,26.1,52.9,43,True
1791532786.1473277,esp8266-01,26.1,52.9,43,False
1791532787.5995574,esp8266-01,26.1,53.0,43,False
1791532787.8384666,esp8266-01,26.1,53.0,43,True
1791532789.4341578,esp8266-01,26.1,52.9,44,True
1791532791.2668817,esp8266-01,26.1,52.9,43,True
1791532793.101466,esp8266-01,26.1,52.9,44,True
1791532794.7351534,esp8266-01,26.1,52.9,44,False
1791532795.8553894,esp8266-01,26.1,53.0,43,False
1791532796.3788688,esp8266-01,26.1,53.0,43,True
1791532796.7676117,esp8266-01,26.1,53.0,44,True
1791532801.4024508,esp8266-01,26.1,53.0,44,True
1791532803.1943395,esp8266-01,26.1,53.0,45,True
1791532805.0536857,esp8266-01,26.1,53.1,44,True
1791532806.035864,esp8266-01,26.1,53.1,44,False
1791532806.8607156,esp8266-01,26.1,53.3,43,False
1791532808.72083,esp8266-01,26.2,53.5,43,False
1791532810.2622557,esp8266-01,26.2,53.5,43,True
1791532810.526015,esp8266-01,26.1,53.7,44,True
1791532812.3742137,esp8266-01,26.1,54.0,44,True
1791532814.1925273,esp8266-01,26.1,53.8,37,True
1791532816.0350788,esp8266-01,26.1,53.8,45,True
1791532817.2019854,esp8266-01,26.1,53.8,45,False
1791532817.8581803,esp8266-01,26.1,53.8,37,False
1791532819.6948261,esp8266-01,26.2,53.7,43,False
1791532821.5254498,esp8266-01,26.2,53.6,43,False
1791532823.3636413,esp8266-01,26.2,53.5,43,False
1791532825.192484,esp8266-01,26.2,53.5,43,False
1791532827.0283082,esp8266-01,26.2,53.4,43,False
1791532828.902271,esp8266-01,26.1,53.4,43,False
1791532829.546339,esp8266-01,26.2,53.3,43,False
1791532836.5241175,esp8266-01,26.2,53.4,43,False
1791532837.1116877,esp8266-01,26.2,53.3,43,False
1791532838.967414,esp8266-01,26.2,53.2,43,False
1791532840.7749531,esp8266-01,26.2,53.2,43,False
1791532842.6259189,esp8266-01,26.2,53.2,43,False
1791532844.4409533,esp8266-01,26.2,53.1,43,False
1791532846.2872963,esp8266-01,26.2,53.1,43,False
1791532848.108164,esp8266-01,26.2,53.1,43,False
1791532848.6338265,esp8266-01,26.2,53.1,43,True
1791532849.9477794,esp8266-01,26.2,52.9,43,True
1791532851.7789192,esp8266-01,26.2,52.9,43,True
1791532853.6194909,esp8266-01,26.1,52.7,43,True
1791532855.4417162,esp8266-01,26.2,52.7,43,True
1791532855.4958858,esp8266-01,26.2,52.7,43,False
1791532857.276489,esp8266-01,26.2,52.5,43,False
1791532860.2098067,esp8266-01,26.2,52.5,43,False
1791532860.943199,esp8266-01,26.2,52.5,43,False
1791532862.8124032,esp8266-01,26.2,52.4,43,False
1791532867.276306,esp8266-01,26.2,52.5,43,False
1791532869.1355054,esp8266-01,26.2,52.5,43,False
1791532870.943517,esp8266-01,26.2,52.5,43,False
1791532872.7972543,esp8266-01,26.2,52.5,43,False
1791532874.6084049,esp8266-01,26.2,52.5,43,False
1791532876.4571242,esp8266-01,26.2,52.5,43,False
1791532878.2747178,esp8266-01,26.1,52.5,43,False
1791532880.1187022,esp8266-01,26.2,52.5,43,False
1791532881.9416375,esp8266-01,26.2,52.3,43,False
1791532883.776349,esp8266-01,26.2,52.4,43,False
1791532885.6081624,esp8266-01,26.2,52.3,43,False
1791532887.1651502,esp8266-01,26.2,52.3,43,True
1791532887.4454336,esp8266-01,26.2,52.2,43,True
1791532889.2751462,esp8266-01,26.1,52.2,43,True
1791532891.110285,esp8266-01,26.2,52.1,43,True
1791532894.1108413,esp8266-01,26.2,52.2,43,True
1791532894.1556711,esp8266-01,26.2,52.2,43,False
1791532894.7772884,esp8266-01,26.2,52.1,43,False
1791532900.6333556,esp8266-01,26.2,52.1,42,False
1791532901.2191708,esp8266-01,26.2,52.1,42,False
1791532903.0294166,esp8266-01,26.2,52.1,43,False
1791532904.886086,esp8266-01,26.2,52.0,43,False
1791532906.7361808,esp8266-01,26.2,52.0,43,False
1791532908.5537155,esp8266-01,26.2,52.2,37,False
1791532910.395169,esp8266-01,26.2,52.1,43,False
1791532911.436948,esp8266-01,26.2,52.1,43,True
1791532912.2152545,esp8266-01,26.2,52.2,37,True
1791532914.0567014,esp8266-01,26.2,52.2,43,True
1791532915.884567,esp8266-01,26.1,52.3,43,True
1791532917.7188587,esp8266-01,26.2,52.2,43,True
1791532918.3229253,esp8266-01,26.2,52.2,43,False
1791532919.5292544,esp8266-01,26.1,52.3,43,False
1791532921.3856175,esp8266-01,26.2,52.2,43,False
1791532921.5735795,esp8266-01,26.2,52.2,43,True
1791532923.2596772,esp8266-01,26.1,52.2,43,True
1791532925.0525777,esp8266-01,26.2,52.2,45,True
1791532926.862691,esp8266-01,26.2,52.2,43,True
1791532928.4186769,esp8266-01,26.2,52.2,43,False
1791532928.719999,esp8266-01,26.2,52.3,43,False
1791532934.2633579,esp8266-01,26.2,52.3,43,True
1791532934.2826166,esp8266-01,26.2,52.3,43,True
1791532935.1116166,esp8266-01,26.1,52.5,43,True
1791532936.988906,esp8266-01,26.2,52.4,43,True
1791532938.798962,esp8266-01,26.1,52.4,43,True
1791532940.091892,esp8266-01,26.1,52.4,43,False
1791532940.646212,esp8266-01,26.2,52.5,43,False
1791532942.2928727,esp8266-01,26.2,52.5,43,True
1791532942.4648685,esp8266-01,26.2,52.4,37,True
1791532944.3116796,esp8266-01,26.2,52.5,43,True
1791532946.1320033,esp8266-01,26.2,52.6,43,True
1791532947.966387,esp8266-01,26.1,52.6,43,True
1791532949.1869414,esp8266-01,26.1,52.6,43,False
1791532949.7984083,esp8266-01,26.2,52.6,43,False
1791532951.6404884,esp8266-01,26.1,52.6,43,False
1791532953.465132,esp8266-01,26.1,52.6,43,False
1791532955.3002253,esp8266-01,26.2,52.6,43,False
1791532958.3190236,esp8266-01,26.1,52.7,43,False
1791532958.8014312,esp8266-01,26.1,52.7,43,True
1791532958.9572775,esp8266-01,26.2,52.6,37,True
1791532960.8283331,esp8266-01,26.1,52.7,44,True
1791532965.3267214,esp8266-01,26.2,52.7,43,True
1791532967.2039127,esp8266-01,26.2,52.7,43,True
1791532968.4018211,esp8266-01,26.2,52.7,43,False
1791532968.9915793,esp8266-01,26.2,52.7,43,False
1791532970.8508146,esp8266-01,26.2,52.7,43,False
1791532972.6578145,esp8266-01,26.2,52.7,43,False
1791532974.5026577,esp8266-01,26.2,52.7,43,False
1791532976.3245475,esp8266-01,26.1,52.8,43,False
1791532978.1634498,esp8266-01,26.1,52.7,43,False
1791532979.9914813,esp8266-01,26.2,52.8,43,False
1791532981.8259048,esp8266-01,26.1,52.7,43,False
1791532983.6639984,esp8266-01,26.2,52.8,43,False
1791532985.493106,esp8266-01,26.1,52.8,43,False
1791532988.3951733,esp8266-01,26.2,52.7,43,False
1791532989.1592348,esp8266-01,26.2,52.7,43,False
1791532991.023618,esp8266-01,26.2,52.7,43,False
1791532992.8254635,esp8266-01,26.2,52.7,43,False
1791532997.4330654,esp8266-01,26.2,52.6,43,False
1791532999.2416458,esp8266-01,26.2,52.6,43,False
1791533001.1008198,esp8266-01,26.1,52.7,43,False
1791533002.907669,esp8266-01,26.1,52.6,43,False
1791533004.7555814,esp8266-01,26.2,52.6,43,False
1791533006.5720341,esp8266-01,26.2,52.6,36,False
1791533008.4157033,esp8266-01,26.1,52.6,43,False
1791533010.2403035,esp8266-01,26.2,52.6,36,False
1791533012.0742965,esp8266-01,26.2,52.6,42,False
1791533013.9067872,esp8266-01,26.2,52.7,43,False
1791533015.744381,esp8266-01,26.2,52.6,43,False
1791533017.573441,esp8266-01,26.2,52.5,43,False
1791533019.4088755,esp8266-01,26.2,52.5,43,False
1791533022.6300848,esp8266-01,26.2,52.5,43,False
1791533023.0745523,esp8266-01,26.2,52.6,43,False
1791533024.9395335,esp8266-01,26.2,52.6,43,False
1791533026.7424896,esp8266-01,26.2,52.6,43,False
1791533026.8140981,esp8266-01,26.2,52.6,43,True
1791533031.2818942,esp8266-01,26.1,52.6,43,True
1791533033.0904732,esp8266-01,26.1,52.6,43,True
1791533034.9475899,esp8266-01,26.2,52.6,43,True
1791533036.44127,esp8266-01,26.2,52.6,43,False
1791533036.755518,esp8266-01,26.2,52.6,43,False
1791533038.6012943,esp8266-01,26.2,52.6,43,False
1791533040.423105,esp8266-01,26.2,52.6,43,False
1791533042.259687,esp8266-01,26.2,52.7,43,False
1791533044.0889041,esp8266-01,26.2,52.7,43,False
1791533045.9235137,esp8266-01,26.2,52.7,43,False
1791533047.7562969,esp8266-01,26.2,52.6,42,False
1791533049.5907345,esp8266-01,26.2,52.6,43,False
1791533052.7869406,esp8266-01,26.2,52.5,43,False
1791533052.8680255,esp8266-01,26.2,52.5,43,True
1791533053.257235,esp8266-01,26.2,52.5,43,True
1791533055.1271317,esp8266-01,26.2,52.5,43,True
1791533056.9212577,esp8266-01,26.2,52.5,37,True
1791533058.7887979,esp8266-01,26.1,52.5,43,True
1791533058.7043417,esp8266-01,26.1,52.5,43,False
1791533063.3128572,esp8266-01,26.2,52.5,43,False
1791533064.2329273,esp8266-01,26.2,52.5,43,True
1791533065.1734343,esp8266-01,26.2,52.5,43,True
1791533066.9792137,esp8266-01,26.2,52.4,43,True
1791533068.8275857,esp8266-01,26.2,52.4,43,True
1791533070.6457062,esp8266-01,26.2,52.5,43,True
1791533071.1800952,esp8266-01,26.2,52.5,43,False
1791533072.4877067,esp8266-01,26.2,52.5,43,False
1791533074.3125732,esp8266-01,26.2,52.4,43,False
1791533076.1466632,esp8266-01,26.2,52.4,43,False
1791533077.9791672,esp8266-01,26.1,52.5,42,False
1791533078.4944975,esp8266-01,26.1,52.5,42,True
1791533079.8164134,esp8266-01,26.2,52.4,43,True
1791533081.6478407,esp8266-01,26.1,52.4,43,True
1791533083.4810247,esp8266-01,26.2,52.5,43,True
1791533085.3567193,esp8266-01,26.2,52.5,43,True
1791533085.4402354,esp8266-01,26.2,52.5,43,False
1791533087.1475754,esp8266-01,26.2,52.5,43,False
1791533089.0175836,esp8266-01,26.2,52.5,43,False
1791533090.8134103,esp8266-01,26.2,52.5,43,False
1791533091.730326,esp8266-01,26.2,52.5,43,True
1791533095.465525,esp8266-01,26.2,52.6,43,True
1791533097.2633452,esp8266-01,26.2,52.7,43,True
1791533099.126991,esp8266-01,26.2,52.6,43,True
1791533100.9309669,esp8266-01,26.2,52.7,37,True
1791533101.4592195,esp8266-01,26.2,52.7,37,False
1791533102.773654,esp8266-01,26.2,52.7,43,False
1791533104.5948405,esp8266-01,26.2,52.7,36,False
1791533106.3480716,esp8266-01,26.2,52.7,36,True
1791533107.58679,esp8266-01,26.2,52.6,37,True
1791533108.2644694,esp8266-01,26.2,52.6,43,True
1791533110.1009457,esp8266-01,26.2,52.6,43,True
1791533111.9305284,esp8266-01,26.2,52.7,43,True
1791533113.246396,esp8266-01,26.2,52.7,43,False
1791533113.7647877,esp8266-01,26.2,52.6,43,False
1791533116.7762876,esp8266-01,26.2,52.6,42,False
1791533117.4315178,esp8266-01,26.2,52.7,43,False
1791533119.3046792,esp8266-01,26.2,52.7,42,False
1791533121.0973861,esp8266-01,26.2,52.6,42,False
1791533122.9071214,esp8266-01,26.1,52.6,36,False
1791533124.7636983,esp8266-01,26.2,52.6,43,False
1791533129.2891939,esp8266-01,26.2,52.6,43,False
1791533131.0995765,esp8266-01,26.2,52.5,42,False
1791533132.9486835,esp8266-01,26.1,52.6,43,False
1791533133.6998713,esp8266-01,26.1,52.6,43,True
1791533134.7660854,esp8266-01,26.2,52.5,43,True
1791533136.6089864,esp8266-01,26.1,52.6,43,True
1791533138.433795,esp8266-01,26.2,52.6,43,True
1791533140.2675238,esp8266-01,26.2,52.6,43,True
1791533140.5985348,esp8266-01,26.2,52.6,43,False
1791533142.0993743,esp8266-01,26.2,52.6,42,False
1791533142.5624702,esp8266-01,26.2,52.6,42,True
1791533143.9367466,esp8266-01,26.2,52.7,43,True
1791533145.766231,esp8266-01,26.2,52.6,43,True
1791533147.59181,esp8266-01,26.1,52.6,37,True
1791533149.4676185,esp8266-01,26.1,52.6,37,False
1791533149.4838495,esp8266-01,26.2,52.6,36,False
1791533151.2674425,esp8266-01,26.2,52.6,43,False
1791533153.1389372,esp8266-01,26.2,52.6,43,False
1791533154.934315,esp8266-01,26.2,52.5,42,False
1791533155.527546,esp8266-01,26.2,52.5,42,True
1791533156.7940593,esp8266-01,26.2,52.5,43,True
1791533161.3719394,esp8266-01,26.1,52.5,43,True
1791533163.2229214,esp8266-01,26.2,52.5,43,True
1791533165.0379581,esp8266-01,26.2,52.5,43,True
1791533165.193607,esp8266-01,26.2,52.5,43,False
1791533166.8831744,esp8266-01,26.2,52.4,43,False
1791533168.761046,esp8266-01,26.2,52.4,43,True
1791533168.7774506,esp8266-01,26.2,52.5,43,True
1791533170.5437942,esp8266-01,26.2,52.5,44,True
1791533172.3719432,esp8266-01,26.2,52.4,43,True
1791533174.205827,esp8266-01,26.2,52.4,43,True
1791533174.6735113,esp8266-01,26.2,52.4,43,False
1791533176.0382986,esp8266-01,26.2,52.5,43,False
1791533176.4884357,esp8266-01,26.2,52.5,43,True
1791533177.8815486,esp8266-01,26.2,52.4,37,True
1791533181.7269776,esp8266-01,26.2,52.5,43,True
1791533181.8079531,esp8266-01,26.2,52.6,43,True
1791533184.5288754,esp8266-01,26.2,52.6,43,False
1791533184.54496,esp8266-01,26.2,52.5,36,False
1791533185.2056558,esp8266-01,26.2,52.5,43,False
1791533187.0708752,esp8266-01,26.2,52.5,43,False
1791533188.872376,esp8266-01,26.2,52.5,43,False
1791533189.5689638,esp8266-01,26.2,52.6,43,False
1791533195.2783701,esp8266-01,26.2,52.6,43,False
1791533195.5353847,esp8266-01,26.2,52.6,43,True
1791533197.1271005,esp8266-01,26.2,52.5,43,True
1791533198.942666,esp8266-01,26.1,52.5,37,True
1791533200.7926376,esp8266-01,26.2,52.5,43,True
1791533204.8239093,esp8266-01,26.2,52.5,43,False
1791533204.8418036,esp8266-01,26.2,52.4,36,False
1791533205.0191283,esp8266-01,26.2,52.4,43,False
1791533207.6448824,esp8266-01,26.2,52.4,43,False
1791533208.1166067,esp8266-01,26.2,52.5,37,False
1791533211.7779737,esp8266-01,26.2,52.4,43,False
1791533211.8687925,esp8266-01,26.2,52.5,43,False
1791533214.6799614,esp8266-01,26.1,52.5,43,False
1791533215.4460542,esp8266-01,26.2,52.6,43,False
1791533217.3127594,esp8266-01,26.1,52.6,43,False
1791533219.1129537,esp8266-01,26.2,52.5,43,False
1791533220.9696035,esp8266-01,26.2,52.5,43,False
1791533221.7236562,esp8266-01,26.2,52.5,43,True
1791533222.7785397,esp8266-01,26.2,52.6,43,True
1791533227.3361135,esp8266-01,26.2,52.6,43,True
1791533229.148232,esp8266-01,26.2,52.4,43,True
1791533230.9999032,esp8266-01,26.2,52.3,43,True
1791533232.3070958,esp8266-01,26.2,52.3,43,False
1791533232.8135655,esp8266-01,26.2,52.3,43,False
1791533234.6662953,esp8266-01,26.2,52.3,43,False
1791533237.6985095,esp8266-01,26.2,52.4,43,False
1791533238.3139327,esp8266-01,26.2,52.3,43,False
1791533239.5557182,esp8266-01,26.2,52.3,43,True
1791533241.4122157,esp8266-01,26.2,52.3,43,True
1791533241.9888952,esp8266-01,26.2,52.4,37,True
1791533244.8012996,esp8266-01,26.2,52.5,43,True
1791533245.6483138,esp8266-01,26.2,52.4,43,True
1791533246.580263,esp8266-01,26.2,52.4,43,False
1791533247.5220895,esp8266-01,26.2,52.5,43,False
1791533249.3148298,esp8266-01,26.2,52.5,43,False
1791533250.5293758,esp8266-01,26.2,52.5,43,True
1791533251.1767383,esp8266-01,26.2,52.4,43,True
1791533252.980852,esp8266-01,26.2,52.5,43,True
1791533254.83466,esp8266-01,26.2,52.5,43,True
1791533259.3902013,esp8266-01,26.2,52.5,43,True
1791533260.0230203,esp8266-01,26.2,52.5,43,False
1791533261.240084,esp8266-01,26.2,52.5,43,False
1791533262.933687,esp8266-01,26.2,52.5,43,True
1791533263.0591896,esp8266-01,26.2,52.5,37,True
1791533264.9051929,esp8266-01,26.2,52.6,43,True
1791533266.7243571,esp8266-01,26.2,52.7,43,True
1791533268.5611196,esp8266-01,26.2,52.7,43,True
1791533269.976128,esp8266-01,26.2,52.7,43,False
1791533270.3910437,esp8266-01,26.2,52.7,43,False
1791533271.7577593,esp8266-01,26.2,52.7,43,True
1791533272.2268157,esp8266-01,26.2,52.7,43,True
1791533275.3192732,esp8266-01,26.2,52.7,43,True
1791533275.8923337,esp8266-01,26.2,52.7,43,True
1791533279.0898597,esp8266-01,26.2,52.5,43,True
1791533279.268105,esp8266-01,26.2,52.5,43,False
1791533279.5524297,esp8266-01,26.2,52.6,36,False
1791533281.4276078,esp8266-01,26.2,52.5,43,False
1791533282.9654279,esp8266-01,26.2,52.5,43,True
1791533283.2268388,esp8266-01,26.2,52.5,43,True
1791533285.0868392,esp8266-01,26.2,52.4,43,True
1791533286.8909385,esp8266-01,26.2,52.4,43,True
1791533288.7454762,esp8266-01,26.2,52.4,43,True
1791533292.558448,esp8266-01,26.2,52.4,43,False
1791533293.2488947,esp8266-01,26.2,52.4,36,False
1791533295.3745685,esp8266-01,26.2,52.4,36,True
1791533295.37686,esp8266-01,26.2,52.5,44,True
1791533296.9121873,esp8266-01,26.2,52.5,37,True
1791533298.7537045,esp8266-01,26.2,52.3,43,True
1791533300.6312146,esp8266-01,26.2,52.4,43,True
1791533301.103651,esp8266-01,26.2,52.4,43,False
1791533302.4140966,esp8266-01,26.2,52.3,43,False
1791533305.4635253,esp8266-01,26.2,52.3,43,False
1791533306.0827935,esp8266-01,26.2,52.4,43,False
1791533307.9928386,esp8266-01,26.2,52.4,43,False
1791533309.7490199,esp8266-01,26.2,52.4,43,False
1791533312.0871577,esp8266-01,26.2,52.4,43,True
1791533312.2755823,esp8266-01,26.2,52.4,44,True
1791533313.4149122,esp8266-01,26.2,52.5,44,True
1791533315.2808084,esp8266-01,26.2,52.5,44,True
1791533317.0812638,esp8266-01,26.2,52.4,44,True
1791533317.532973,esp8266-01,26.2,52.4,44,False
1791533318.9339993,esp8266-01,26.2,52.5,43,False
1791533319.4085302,esp8266-01,26.2,52.5,43,True
1791533320.7472894,esp8266-01,26.2,52.6,43,True
1791533325.3481972,esp8266-01,26.2,52.6,44,True
1791533327.1653256,esp8266-01,26.2,52.5,44,True
1791533330.1378827,esp8266-01,26.2,52.5,44,False
1791533330.155713,esp8266-01,26.2,52.5,36,False
1791533330.8352404,esp8266-01,26.2,52.6,43,False
1791533331.4521863,esp8266-01,26.2,52.6,43,True
1791533332.6723511,esp8266-01,26.2,52.5,44,True
1791533336.1420078,esp8266-01,26.2,52.5,43,True
1791533336.3371818,esp8266-01,26.2,52.5,43,True
1791533339.5349844,esp8266-01,26.2,52.4,43,True
1791533339.6182785,esp8266-01,26.2,52.4,43,False
1791533340.0045881,esp8266-01,26.2,52.5,43,False
1791533341.868981,esp8266-01,26.2,52.4,43,False
1791533343.673936,esp8266-01,26.2,52.4,43,False
1791533345.540095,esp8266-01,26.2,52.5,43,False
1791533347.336343,esp8266-01,26.2,52.4,43,False
1791533349.1885881,esp8266-01,26.2,52.5,43,False
1791533351.00209,esp8266-01,26.2,52.5,43,False
1791533352.85375,esp8266-01,26.2,52.5,43,False
1791533357.4170487,esp8266-01,26.2,52.6,43,False
1791533359.2601118,esp8266-01,26.2,52.5,43,False
1791533361.0601645,esp8266-01,26.2,52.5,36,False
1791533362.9241335,esp8266-01,26.2,52.5,43,False
1791533365.9235787,esp8266-01,26.2,52.5,43,False
1791533366.5846193,esp8266-01,26.2,52.4,43,False
1791533369.6911988,esp8266-01,26.2,52.5,43,False
1791533370.2521336,esp8266-01,26.2,52.4,43,False
1791533372.1282005,esp8266-01,26.2,52.4,43,False
1791533373.9180021,esp8266-01,26.2,52.4,43,False
1791533375.7807484,esp8266-01,26.3,52.4,43,False
1791533377.5847557,esp8266-01,26.2,52.4,43,False
1791533379.4514074,esp8266-01,26.2,52.4,43,False
1791533381.2502751,esp8266-01,26.2,52.4,44,False
1791533383.6640556,esp8266-01,26.2,52.4,44,True
1791533383.7068737,esp8266-01,26.2,52.4,43,True
1791533384.9182103,esp8266-01,26.2,52.4,37,True
1791533386.7612658,esp8266-01,26.2,52.5,43,True
1791533391.234813,esp8266-01,26.2,52.4,37,True
1791533391.45634,esp8266-01,26.2,52.4,37,False
1791533393.1030629,esp8266-01,26.3,52.4,43,False
1791533394.9257348,esp8266-01,26.3,52.5,43,False
1791533395.4005096,esp8266-01,26.3,52.5,43,True
1791533396.7641776,esp8266-01,26.3,52.5,43,True
1791533398.5928087,esp8266-01,26.2,52.5,44,True
1791533400.428928,esp8266-01,26.2,52.5,44,True
1791533402.2990987,esp8266-01,26.3,52.6,44,True
1791533402.3392956,esp8266-01,26.3,52.6,44,False
1791533404.0938656,esp8266-01,26.2,52.5,43,False
1791533405.965273,esp8266-01,26.2,52.4,43,False
1791533407.7605922,esp8266-01,26.2,52.5,43,False
1791533409.6179025,esp8266-01,26.2,52.5,43,False
1791533411.426638,esp8266-01,26.2,52.5,43,False
1791533412.0970547,esp8266-01,26.2,52.5,43,True
1791533413.2845833,esp8266-01,26.2,52.4,43,True
1791533415.0932662,esp8266-01,26.2,52.5,44,True
1791533423.3713472,esp8266-01,26.2,52.6,43,False
1791533425.1958976,esp8266-01,26.2,52.6,43,False
1791533427.0357444,esp8266-01,26.2,52.5,43,False
1791533428.864551,esp8266-01,26.2,52.5,43,False
1791533430.6959572,esp8266-01,26.2,52.5,43,False
1791533434.0756128,esp8266-01,26.2,52.5,43,False
1791533437.3735504,esp8266-01,26.2,52.5,43,False
1791533438.903288,esp8266-01,26.2,52.4,43,True
1791533441.696002,esp8266-01,26.2,52.4,44,True
1791533443.5509763,esp8266-01,26.2,52.4,44,True
1791533445.3619246,esp8266-01,26.3,52.5,43,True
1791533450.0311332,esp8266-01,26.3,52.5,43,False
1791533455.443845,esp8266-01,26.2,52.6,43,True
1791533457.283317,esp8266-01,26.3,52.5,44,True
1791533459.1102984,esp8266-01,26.2,52.4,43,False
1791533460.9479444,esp8266-01,26.3,52.5,45,True
1791533462.7786732,esp8266-01,26.2,52.4,44,True
1791533464.6127372,esp8266-01,26.2,52.4,44,True
1791533466.4885378,esp8266-01,26.2,52.4,44,True
1791533468.2790947,esp8266-01,26.2,52.4,43,False
1791533470.1451657,esp8266-01,26.2,52.3,43,True
1791533471.9453409,esp8266-01,26.2,52.3,43,True
1791533473.8100586,esp8266-01,26.2,52.4,43,True
1791533475.610808,esp8266-01,26.2,52.3,43,True
1791533477.4692059,esp8266-01,26.2,52.3,43,False
1791533479.2765794,esp8266-01,26.2,52.3,43,False
1791533481.1287491,esp8266-01,26.3,52.3,44,True
1791533482.9413533,esp8266-01,26.3,52.2,37,True
1791533484.7909446,esp8266-01,26.2,52.1,44,True
1791533489.2147608,esp8266-01,26.2,52.1,44,False
1791533491.1445124,esp8266-01,26.2,52.2,43,False
1791533492.7799578,esp8266-01,26.2,52.2,43,True
1791533494.8071852,esp8266-01,26.2,52.1,43,True
1791533496.6807208,esp8266-01,26.2,52.2,43,True
1791533498.4733114,esp8266-01,26.2,52.3,43,True
1791533500.906648,esp8266-01,26.2,52.3,43,False
1791533504.003053,esp8266-01,26.2,52.2,44,True
1791533505.8059485,esp8266-01,26.2,52.2,44,True
1791533507.6619473,esp8266-01,26.2,52.2,43,True
1791533509.470826,esp8266-01,26.2,52.2,43,False
1791533512.4797633,esp8266-01,26.2,52.2,43,True
1791533514.9827013,esp8266-01,26.2,52.2,43,True
1791533516.8043947,esp8266-01,26.2,52.2,44,True
1791533521.394687,esp8266-01,26.2,52.3,43,False
1791533523.2193246,esp8266-01,26.2,52.3,43,False
1791533525.057033,esp8266-01,26.2,52.3,43,False
1791533526.8874242,esp8266-01,26.2,52.3,43,False
1791533528.7205372,esp8266-01,26.2,52.3,43,False
1791533530.6009257,esp8266-01,26.2,52.4,43,False
1791533532.3880148,esp8266-01,26.2,52.4,43,False
1791533534.2566886,esp8266-01,26.2,52.4,43,False
1791533536.0549908,esp8266-01,26.2,52.4,43,False
1791533537.9175527,esp8266-01,26.2,52.5,43,False
1791533539.7208836,esp8266-01,26.2,52.5,43,False
1791533541.5781605,esp8266-01,26.2,52.5,43,False
1791533543.385791,esp8266-01,26.2,52.6,43,False
1791533545.2334418,esp8266-01,26.2,52.6,43,False
1791533547.0527582,esp8266-01,26.2,52.6,43,False
1791533548.893851,esp8266-01,26.2,52.6,43,False
1791533550.7211182,esp8266-01,26.2,52.6,43,False
1791533555.239882,esp8266-01,26.2,52.6,43,False
1791533557.0698981,esp8266-01,26.2,52.6,43,False
1791533558.9050446,esp8266-01,26.2,52.6,43,False
1791533561.9036727,esp8266-01,26.2,52.6,43,False
1791533565.5767994,esp8266-01,26.2,52.5,43,False
1791533568.110346,esp8266-01,26.2,52.5,43,True
1791533569.9052212,esp8266-01,26.2,52.5,43,True
1791533571.766609,esp8266-01,26.2,52.5,44,True
1791533573.570251,esp8266-01,26.2,52.5,43,True
1791533575.4220777,esp8266-01,26.2,52.5,43,False
1791533577.237192,esp8266-01,26.2,52.5,37,False
1791533579.0817213,esp8266-01,26.2,52.5,43,False
1791533580.901829,esp8266-01,26.2,52.5,36,False
1791533582.7452097,esp8266-01,26.2,52.5,43,False
1791533587.3271267,esp8266-01,26.2,52.5,43,False
1791533589.1633356,esp8266-01,26.2,52.6,43,False
1791533590.9933074,esp8266-01,26.3,52.5,43,False
1791533592.8278863,esp8266-01,26.2,52.5,43,False
1791533595.7297351,esp8266-01,26.2,52.5,43,False
1791533598.3609679,esp8266-01,26.2,52.5,43,True
1791533600.1611245,esp8266-01,26.2,52.5,44,True
1791533602.0205016,esp8266-01,26.2,52.5,43,True
1791533603.8269541,esp8266-01,26.2,52.6,43,True
1791533605.682835,esp8266-01,26.2,52.5,43,False
1791533607.493525,esp8266-01,26.2,52.5,44,True
1791533609.3443873,esp8266-01,26.2,52.5,45,True
1791533611.2208524,esp8266-01,26.2,52.5,514,True
1791533613.0015106,esp8266-01,26.2,52.5,412,True
1791533614.8048468,esp8266-01,26.2,52.5,316,False
1791533619.4112465,esp8266-01,26.2,52.5,253,False
1791533621.2208893,esp8266-01,26.2,52.5,210,False
1791533623.0783648,esp8266-01,26.2,52.5,183,False
1791533626.3054798,esp8266-01,26.2,52.5,166,False
1791533628.615156,esp8266-01,26.2,52.6,145,False
1791533630.4105809,esp8266-01,26.2,52.6,135,False
1791533632.2837875,esp8266-01,26.2,52.5,128,False
1791533634.0767226,esp8266-01,26.2,52.5,124,False
1791533635.9407928,esp8266-01,26.3,52.5,120,False
1791533637.7434049,esp8266-01,26.2,52.5,116,False
1791533639.5924823,esp8266-01,26.2,52.6,113,False
1791533641.386134,esp8266-01,26.2,52.6,109,False
1791533643.2577631,esp8266-01,26.2,52.6,108,False
1791533645.0524127,esp8266-01,26.3,52.6,104,False
1791533646.917703,esp8266-01,26.3,52.6,102,False
1791533648.743236,esp8266-01,26.2,52.6,102,True
1791533653.250819,esp8266-01,26.3,52.7,98,True
1791533655.0808933,esp8266-01,26.2,52.6,98,True
1791533656.9160378,esp8266-01,26.2,52.7,97,True
1791533658.7916083,esp8266-01,26.2,52.8,94,False
1791533660.5824656,esp8266-01,26.2,52.9,93,False
1791533662.3891013,esp8266-01,26.2,52.9,84,False
1791533664.2492924,esp8266-01,26.2,52.9,89,False
1791533667.0484078,esp8266-01,26.2,52.8,88,False
1791533669.7805407,esp8266-01,26.2,52.9,86,False
1791533671.5839508,esp8266-01,26.2,52.8,76,False
1791533673.151533,esp8266-01,26.2,52.8,76,True
1791533675.2468076,esp8266-01,26.2,52.7,75,True
1791533677.0886014,esp8266-01,26.2,52.8,84,True
1791533678.9152699,esp8266-01,26.2,52.8,84,True
1791533680.7493532,esp8266-01,26.2,52.7,80,False
1791533685.3505218,esp8266-01,26.2,52.7,79,False
1791533687.1854491,esp8266-01,26.2,52.7,80,False
1791533690.226961,esp8266-01,26.2,52.7,78,False
1791533692.6607747,esp8266-01,26.2,52.6,69,False
1791533694.1753938,esp8266-01,26.2,52.6,69,True
1791533697.7167096,esp8266-01,26.2,52.6,197,True
1791533700.0466542,esp8266-01,26.2,52.6,404,True
1791533701.850515,esp8266-01,26.2,52.7,370,False
1791533703.7029176,esp8266-01,26.2,52.7,370,True
1791533705.517617,esp8266-01,26.2,52.6,338,True
1791533707.3613238,esp8266-01,26.2,52.7,282,True
1791533709.1850111,esp8266-01,26.3,52.7,229,True
1791533711.679627,esp8266-01,26.3,52.7,229,False
1791533713.8413143,esp8266-01,26.3,52.7,176,True
1791533717.4349933,esp8266-01,26.3,52.7,166,True
1791533720.455948,esp8266-01,26.3,52.7,153,True
1791533724.1406765,esp8266-01,26.3,52.6,135,True
1791533727.8978562,esp8266-01,26.4,52.6,123,False
1791533730.291818,esp8266-01,26.4,52.5,115,True
1791533732.0993707,esp8266-01,26.4,52.5,112,True
1791533733.9513295,esp8266-01,26.5,52.4,110,True
1791533735.7664635,esp8266-01,26.5,52.4,106,False
1791533737.611112,esp8266-01,26.5,53.1,104,True
1791533739.4329095,esp8266-01,26.5,54.5,103,True
1791533741.274069,esp8266-01,26.6,61.3,100,True
1791533742.8157387,esp8266-01,26.6,61.3,100,False
1791533744.932641,esp8266-01,26.6,62.8,98,False
1791533746.4355469,esp8266-01,26.6,62.8,98,True
1791533751.296218,esp8266-01,26.7,59.0,98,True
1791533753.1692247,esp8266-01,26.7,56.8,96,True
1791533755.711446,esp8266-01,26.7,55.4,93,True
1791533758.6298077,esp8266-01,26.7,53.6,89,False
1791533760.5010898,esp8266-01,26.7,53.1,88,False
1791533762.295451,esp8266-01,26.7,52.7,87,False
1791533764.156824,esp8266-01,26.7,52.5,87,False
1791533765.9614787,esp8266-01,26.7,52.3,86,False
1791533767.809992,esp8266-01,26.7,52.1,84,False
1791533769.6038413,esp8266-01,26.7,52.0,76,False
1791533771.4702592,esp8266-01,26.7,51.9,81,False
1791533773.2928753,esp8266-01,26.7,51.8,74,False
1791533775.1315517,esp8266-01,26.7,51.8,81,False
1791533776.9614542,esp8266-01,26.7,51.7,79,False
1791533778.797541,esp8266-01,26.7,51.9,78,False
1791533783.3767927,esp8266-01,26.7,51.8,80,False
1791533785.2101307,esp8266-01,26.7,51.8,77,False
1791533788.131603,esp8266-01,26.7,51.9,77,False
1791533790.7500765,esp8266-01,26.7,51.8,76,False
1791533792.5436623,esp8266-01,26.7,51.8,76,False
1791533794.4065554,esp8266-01,26.7,51.8,76,False
1791533796.2098331,esp8266-01,26.7,51.8,75,False
1791533799.3142333,esp8266-01,26.7,51.8,66,False
1791533801.7210126,esp8266-01,26.7,51.8,76,True
1791533803.5430872,esp8266-01,26.7,53.0,76,True
1791533805.3818352,esp8266-01,26.7,53.6,76,True
1791533807.2084827,esp8266-01,26.6,53.6,74,False
1791533809.0424953,esp8266-01,26.7,53.5,74,True
1791533810.8754053,esp8266-01,26.7,53.2,74,True
1791533815.393917,esp8266-01,26.7,52.9,70,True
1791533817.2731566,esp8266-01,26.7,52.6,69,True
1791533819.060799,esp8266-01,26.7,52.3,70,False
1791533820.930572,esp8266-01,26.7,52.2,69,False
1791533822.726979,esp8266-01,26.7,52.0,68,False
1791533824.5881627,esp8266-01,26.6,52.0,69,False
1791533826.3933403,esp8266-01,26.7,51.8,68,True
1791533828.2490962,esp8266-01,26.6,51.8,67,True
1791533830.0619493,esp8266-01,26.7,51.8,61,True
1791533831.624822,esp8266-01,26.7,51.8,61,False
1791533833.165942,esp8266-01,26.7,51.8,67,True
1791533835.5681748,esp8266-01,26.6,51.7,81,True
1791533837.391995,esp8266-01,26.6,51.7,68,True
1791533839.228767,esp8266-01,26.6,51.6,68,True
1791533842.3523266,esp8266-01,26.6,51.6,68,False
1791533844.7191823,esp8266-01,26.6,51.6,58,True
1791533849.3187273,esp8266-01,26.6,51.6,68,True
1791533852.51649,esp8266-01,26.7,51.6,68,True
1791533854.8459773,esp8266-01,26.6,51.5,67,False
1791533856.652149,esp8266-01,26.6,51.5,65,True
1791533860.0077276,esp8266-01,26.6,51.5,65,True
1791533861.832963,esp8266-01,26.6,54.2,67,False
1791533863.9855697,esp8266-01,27.0,62.4,55,False
1791533865.8287995,esp8266-01,27.2,64.8,65,False
1791533867.6503646,esp8266-01,27.4,67.5,55,False
1791533869.489291,esp8266-01,27.6,68.6,62,False
1791533871.3180075,esp8266-01,27.8,69.0,64,False
1791533873.1552076,esp8266-01,28.0,69.2,62,False
1791533874.9850068,esp8266-01,28.2,69.9,61,False
1791533876.8202538,esp8266-01,28.4,67.9,64,False
1791533882.599526,esp8266-01,28.6,66.3,61,False
1791533885.1095898,esp8266-01,28.8,64.5,62,False
1791533886.9038332,esp8266-01,28.9,63.6,61,False
1791533888.7690141,esp8266-01,29.1,61.8,61,False
1791533890.5704918,esp8266-01,29.2,60.1,62,False
1791533892.4267035,esp8266-01,29.4,58.6,61,False
1791533894.2361736,esp8266-01,29.5,58.1,61,False
1791533896.0822318,esp8266-01,29.6,57.4,62,False
1791533897.9036465,esp8266-01,29.7,58.7,60,False
1791533899.7410882,esp8266-01,29.9,59.1,60,False
1791533901.5702415,esp8266-01,30.0,57.5,61,False
1791533903.4036822,esp8266-01,30.1,56.3,60,False
1791533905.2362497,esp8266-01,30.2,55.1,60,False
1791533907.070917,esp8266-01,30.3,56.7,61,False
1791533910.00502,esp8266-01,30.4,55.9,58,False
1791533915.2725704,esp8266-01,30.5,55.1,61,False
1791533917.0729976,esp8266-01,30.6,53.8,58,False
1791533918.932607,esp8266-01,30.7,53.3,58,False
1791533920.7389667,esp8266-01,30.8,53.3,60,False
1791533922.592823,esp8266-01,30.9,53.0,58,False
1791533924.4044735,esp8266-01,31.0,54.0,58,False
1791533926.253922,esp8266-01,31.0,54.2,60,False
1791533928.0715387,esp8266-01,31.1,54.4,57,False
1791533929.9142432,esp8266-01,31.2,55.2,57,False
1791533931.7401066,esp8266-01,31.3,55.2,60,False
1791533933.575647,esp8266-01,31.4,55.2,57,False
1791533935.4039552,esp8266-01,31.4,54.0,57,False
1791533937.2414,esp8266-01,31.5,53.1,60,False
1791533939.070766,esp8266-01,31.5,53.2,58,False
1791533940.9055665,esp8266-01,31.6,52.1,58,False
1791533942.5860476,esp8266-01,31.6,52.1,58,True
1791533947.3442383,esp8266-01,31.6,49.9,57,True
1791533949.2139852,esp8266-01,31.5,48.7,57,True
1791533951.0122871,esp8266-01,31.5,48.0,60,True
1791533952.8659453,esp8266-01,31.5,47.3,57,False
1791533954.676412,esp8266-01,31.4,47.0,57,True
1791533956.5371208,esp8266-01,31.4,46.6,60,True
1791533958.3445747,esp8266-01,31.3,46.2,49,True
1791533960.1879175,esp8266-01,31.3,45.9,57,True
1791533961.9198475,esp8266-01,31.3,45.9,57,False
1791533963.847439,esp8266-01,31.2,45.6,57,True
1791533965.6543987,esp8266-01,31.1,45.6,56,True
1791533967.5104434,esp8266-01,31.0,45.5,58,True
1791533969.3235984,esp8266-01,31.0,45.5,56,True
1791533971.177144,esp8266-01,30.9,45.6,56,False
1791533973.0485792,esp8266-01,30.8,45.4,57,False
1791533974.8446195,esp8266-01,30.8,45.5,56,False
1791533979.456888,esp8266-01,30.7,45.5,56,True
1791533981.2643893,esp8266-01,30.6,45.4,57,True
1791533983.0693545,esp8266-01,30.6,45.4,56,True
1791533984.9226172,esp8266-01,30.6,45.4,56,False
1791533986.7932656,esp8266-01,30.4,45.5,57,False
1791533988.5911088,esp8266-01,30.4,45.5,55,False
1791533990.440012,esp8266-01,30.3,45.6,56,True
1791533992.235242,esp8266-01,30.2,45.6,57,True
1791533994.102134,esp8266-01,30.2,45.6,56,True
1791533995.9015658,esp8266-01,30.1,45.7,56,True
1791533997.7589355,esp8266-01,30.0,45.9,56,False
1791533999.591585,esp8266-01,30.0,45.4,55,False
1791534001.4282415,esp8266-01,29.9,45.6,55,False
1791534003.2579563,esp8266-01,29.8,45.6,56,False
1791534005.0930943,esp8266-01,29.8,45.7,55,False
1791534006.9638057,esp8266-01,29.7,45.8,55,False
1791534008.7601438,esp8266-01,29.7,45.9,56,False
1791534012.3757586,esp8266-01,29.7,45.9,56,True
1791534015.1195219,esp8266-01,29.5,45.9,55,True
1791534016.9871492,esp8266-01,29.5,46.1,56,True
1791534018.7861223,esp8266-01,29.4,46.1,55,True
1791534020.6404343,esp8266-01,29.4,46.2,55,False
1791534022.4514103,esp8266-01,29.3,46.3,56,False
1791534024.2967472,esp8266-01,29.3,46.4,52,False
1791534026.1205006,esp8266-01,29.3,46.5,52,False
1791534027.96275,esp8266-01,29.2,46.6,55,False
1791534029.78504,esp8266-01,29.1,46.6,52,False
1791534031.61912,esp8266-01,29.1,46.8,53,False
1791534033.4522748,esp8266-01,29.1,46.8,55,False
1791534035.286656,esp8266-01,29.0,47.0,52,False
1791534037.1572087,esp8266-01,29.0,47.0,52,False
1791534038.9531534,esp8266-01,28.9,47.0,55,False
1791534044.8355522,esp8266-01,28.9,47.1,52,False
1791534047.229648,esp8266-01,28.8,47.2,55,False
1791534049.0346568,esp8266-01,28.8,47.3,52,False
1791534050.8931284,esp8266-01,28.7,47.5,52,False
1791534052.7002623,esp8266-01,28.7,47.4,55,False
1791534054.5481884,esp8266-01,28.7,47.6,52,False
1791534056.4258344,esp8266-01,28.6,47.6,45,False
1791534058.2602108,esp8266-01,28.6,47.7,52,False
1791534060.0327442,esp8266-01,28.5,47.8,46,False
1791534061.8706295,esp8266-01,28.5,48.0,51,False
1791534063.7009218,esp8266-01,28.5,48.0,52,False
1791534065.5368807,esp8266-01,28.4,48.0,55,False
1791534067.3666508,esp8266-01,28.4,48.0,51,False
1791534069.20168,esp8266-01,28.4,48.1,52,True
1791534072.219009,esp8266-01,28.3,48.1,55,True
1791534077.4186451,esp8266-01,28.3,48.2,52,True
1791534079.5717814,esp8266-01,28.3,48.2,52,False
1791534081.0855918,esp8266-01,28.2,48.1,51,False
1791534082.8833718,esp8266-01,28.2,48.2,51,False
1791534085.953085,esp8266-01,28.2,48.2,46,False
1791534088.4017282,esp8266-01,28.1,48.3,51,False
1791534090.2184,esp8266-01,28.1,48.4,52,False
1791534092.053541,esp8266-01,28.1,48.4,51,False
1791534093.8840709,esp8266-01,28.0,48.5,51,False
1791534095.7175298,esp8266-01,28.0,48.6,52,False
1791534097.5502923,esp8266-01,28.0,48.7,51,False
1791534099.3842573,esp8266-01,27.9,48.7,51,False
1791534101.2555618,esp8266-01,27.9,48.8,52,False
1791534103.0527427,esp8266-01,27.9,48.9,51,False
1791534104.9189417,esp8266-01,27.9,49.0,51,False
1791534106.7174294,esp8266-01,27.8,49.0,52,False
1791534111.2396984,esp8266-01,27.8,49.0,52,True
1791534113.214181,esp8266-01,27.8,49.1,51,True
1791534114.9989529,esp8266-01,27.8,49.2,54,True
1791534116.8078477,esp8266-01,27.8,49.3,51,True
1791534118.6570377,esp8266-01,27.7,49.3,50,False
1791534120.4745955,esp8266-01,27.7,49.3,52,False
1791534122.3151698,esp8266-01,27.7,49.4,51,True
1791534124.1407144,esp8266-01,27.7,49.4,51,True
1791534125.9755683,esp8266-01,27.7,49.3,53,True
1791534127.8078308,esp8266-01,27.6,49.5,51,False
1791534129.6435792,esp8266-01,27.6,49.6,51,False
1791534131.5239446,esp8266-01,27.6,49.7,45,False
1791534133.493273,esp8266-01,27.6,49.7,50,False
1791534135.1871004,esp8266-01,27.6,49.7,52,True
1791534136.9989223,esp8266-01,27.5,49.7,51,True
1791534143.0504196,esp8266-01,27.5,49.7,51,True
1791534144.925256,esp8266-01,27.5,49.7,51,False
1791534148.1544824,esp8266-01,27.5,49.9,51,True
1791534150.836679,esp8266-01,27.4,49.9,43,True
1791534152.667349,esp8266-01,27.4,49.9,50,False
1791534154.497996,esp8266-01,27.4,49.9,45,False
1791534156.3205552,esp8266-01,27.4,49.9,50,False
1791534158.1082354,esp8266-01,27.4,50.0,52,True
1791534159.9475482,esp8266-01,27.4,50.1,51,True
1791534161.7750247,esp8266-01,27.3,50.1,51,True
1791534163.609548,esp8266-01,27.3,50.1,52,True
1791534167.2902331,esp8266-01,27.3,49.7,50,False
1791534169.1422236,esp8266-01,27.2,49.9,52,False
1791534170.9437835,esp8266-01,27.3,50.0,50,False
1791534175.4219518,esp8266-01,27.2,49.9,50,False
1791534177.2286487,esp8266-01,27.3,50.0,52,False
1791534179.0872836,esp8266-01,27.2,50.1,50,False
1791534180.8937526,esp8266-01,27.2,50.1,51,True
1791534182.7419367,esp8266-01,27.2,50.1,52,True
1791534184.5609083,esp8266-01,27.2,50.1,50,True
1791534186.1217031,esp8266-01,27.2,50.1,50,False
1791534188.227808,esp8266-01,27.1,50.2,52,False
1791534190.0634353,esp8266-01,27.2,50.3,50,False
1791534191.8940344,esp8266-01,27.2,50.3,50,False
1791534193.7294,esp8266-01,27.1,50.2,52,False
1791534196.7389116,esp8266-01,27.1,50.2,50,False
1791534199.2633016,esp8266-01,27.1,50.4,51,False
1791534201.0953617,esp8266-01,27.1,50.4,42,False
1791534202.9236073,esp8266-01,27.1,50.4,50,False
1791534204.729457,esp8266-01,27.1,50.3,51,False
1791534209.3610961,esp8266-01,27.0,50.5,49,False
1791534211.1647587,esp8266-01,27.0,50.4,49,False
1791534213.0157955,esp8266-01,27.0,50.4,51,False
1791534214.831291,esp8266-01,27.0,50.4,50,False
1791534216.6754086,esp8266-01,27.0,50.5,50,False
1791534218.4973855,esp8266-01,27.0,50.4,52,True
1791534220.3360806,esp8266-01,27.0,50.5,50,True
1791534222.164141,esp8266-01,27.0,50.6,50,True
1791534223.9990003,esp8266-01,27.0,50.6,51,True
1791534225.8306816,esp8266-01,27.0,50.6,49,False
1791534227.6661098,esp8266-01,27.0,50.6,50,False
1791534229.5388064,esp8266-01,27.0,50.7,51,False
1791534231.3326905,esp8266-01,27.0,50.7,49,False
1791534233.2078836,esp8266-01,26.9,50.6,49,False
1791534234.998814,esp8266-01,26.9,50.7,51,False
1791534236.8646002,esp8266-01,26.9,50.6,49,False
1791534241.4131038,esp8266-01,26.9,50.7,49,False
1791534243.2707558,esp8266-01,26.9,50.7,51,False
1791534245.0793223,esp8266-01,26.9,50.8,49,False
1791534246.9298303,esp8266-01,26.9,50.8,49,False
1791534248.804682,esp8266-01,26.9,50.8,43,False
1791534250.5881424,esp8266-01,26.9,50.9,49,False
1791534252.4108224,esp8266-01,26.9,50.8,41,False
1791534254.2480145,esp8266-01,26.9,50.9,49,False
1791534256.0803425,esp8266-01,26.8,50.9,49,False
1791534257.9158773,esp8266-01,26.9,50.9,49,False
1791534259.791091,esp8266-01,26.9,50.9,50,True
1791534261.580649,esp8266-01,26.8,50.9,51,True
1791534263.4486022,esp8266-01,26.8,51.0,49,True
1791534265.247072,esp8266-01,26.8,51.1,50,True
1791534267.112638,esp8266-01,26.8,51.1,50,False
1791534268.9137735,esp8266-01,26.8,51.1,49,False
1791534270.7766073,esp8266-01,26.8,51.2,49,False
1791534275.2733538,esp8266-01,26.8,51.2,51,False
1791534277.1490936,esp8266-01,26.8,51.2,49,False
1791534278.9401712,esp8266-01,26.8,51.2,49,False
1791534280.7826161,esp8266-01,26.8,51.1,51,True
1791534282.605962,esp8266-01,26.8,51.2,50,True
1791534284.44519,esp8266-01,26.8,51.2,50,True
1791534286.2739239,esp8266-01,26.8,51.2,51,True
1791534288.1065743,esp8266-01,26.7,51.2,49,False
1791534289.939914,esp8266-01,26.7,51.2,49,False
1791534291.774817,esp8266-01,26.8,51.3,50,False
1791534293.6530523,esp8266-01,26.7,51.3,49,False
1791534295.4411457,esp8266-01,26.7,51.2,49,False
1791534297.312299,esp8266-01,26.7,51.3,50,False
1791534299.1073182,esp8266-01,26.7,51.2,49,False
1791534300.969553,esp8266-01,26.7,51.2,49,False
1791534302.774186,esp8266-01,26.7,51.3,50,False
1791534307.3838897,esp8266-01,26.7,51.4,49,False
1791534309.1864095,esp8266-01,26.7,51.3,49,False
1791534311.032643,esp8266-01,26.7,51.4,50,False
1791534312.8524241,esp8266-01,26.7,51.4,49,False
1791534314.6935625,esp8266-01,26.7,51.5,49,False
1791534316.5186028,esp8266-01,26.7,51.6,50,False
1791534318.3541253,esp8266-01,26.7,51.6,49,False
1791534320.231963,esp8266-01,26.6,51.6,42,True
1791534325.9852414,esp8266-01,26.7,51.6,42,True
1791534327.5668974,esp8266-01,26.6,51.7,49,False
1791534329.353707,esp8266-01,26.6,51.7,49,False
1791534331.2166078,esp8266-01,26.6,51.7,49,False
1791534333.0209365,esp8266-01,26.6,51.7,48,False
1791534334.8756247,esp8266-01,26.6,51.7,49,False
1791534339.3732557,esp8266-01,26.6,51.7,49,False
1791534341.2681525,esp8266-01,26.6,51.7,50,True
1791534343.1005101,esp8266-01,26.6,51.7,43,True
1791534344.8839788,esp8266-01,26.6,51.6,49,True
1791534346.7047622,esp8266-01,26.6,51.6,41,True
1791534348.6896582,esp8266-01,26.6,51.6,41,False
1791534350.3726184,esp8266-01,26.6,51.6,48,False
1791534352.2058532,esp8266-01,26.6,51.7,49,True
1791534354.0386388,esp8266-01,26.6,51.7,49,True
1791534355.874055,esp8266-01,26.6,51.6,49,True
1791534358.921134,esp8266-01,26.6,51.6,49,True
1791534361.4037926,esp8266-01,26.6,51.7,49,True
1791534363.206228,esp8266-01,26.6,51.7,49,True
1791534365.0743015,esp8266-01,26.6,51.8,49,True
1791534366.8730836,esp8266-01,26.5,51.8,49,True
1791534368.6858125,esp8266-01,26.6,51.8,48,False
1791534371.9150891,esp8266-01,26.6,51.8,48,True
1791534375.1054459,esp8266-01,26.6,51.8,49,True
1791534376.9287703,esp8266-01,26.5,51.9,49,True
1791534378.7686079,esp8266-01,26.5,51.9,49,False
1791534380.5694232,esp8266-01,26.6,51.9,48,False
1791534382.4267795,esp8266-01,26.5,51.8,48,False
1791534384.2604978,esp8266-01,26.5,51.9,48,False
1791534386.0938668,esp8266-01,26.5,51.9,48,False
1791534387.9024534,esp8266-01,26.6,51.8,48,False
1791534389.7599986,esp8266-01,26.6,51.8,48,False
1791534391.6354787,esp8266-01,26.5,51.8,48,False
1791534393.4266238,esp8266-01,26.5,51.7,48,False
1791534395.2889922,esp8266-01,26.5,51.6,48,False
1791534397.092763,esp8266-01,26.5,51.6,49,True
1791534398.9491088,esp8266-01,26.5,51.6,49,True
1791534400.7586179,esp8266-01,26.5,51.6,49,True
1791534405.403317,esp8266-01,26.5,51.6,49,True
1791534407.2093256,esp8266-01,26.5,51.7,48,False
1791534409.0535285,esp8266-01,26.5,51.6,49,True
1791534410.8754363,esp8266-01,26.5,51.6,49,True
1791534412.713598,esp8266-01,26.5,51.6,48,True
1791534414.545342,esp8266-01,26.5,51.7,49,True
1791534416.3760788,esp8266-01,26.5,51.7,48,False
1791534418.2102137,esp8266-01,26.5,51.7,48,False
1791534420.0452867,esp8266-01,26.5,51.7,49,True
1791534421.9148872,esp8266-01,26.5,51.7,48,True
1791534423.7114165,esp8266-01,26.5,51.7,48,True
1791534425.585325,esp8266-01,26.5,51.8,49,True
1791534427.3766644,esp8266-01,26.5,51.8,48,False
1791534429.2459865,esp8266-01,26.5,51.8,48,False
1791534430.9234474,esp8266-01,26.5,51.8,48,True
1791534432.8969986,esp8266-01,26.5,51.8,48,True
1791534437.383899,esp8266-01,26.5,51.8,48,True
1791534439.2305846,esp8266-01,26.5,51.9,49,True
1791534441.0487096,esp8266-01,26.5,51.8,40,False
1791534442.8910034,esp8266-01,26.5,51.9,48,False
1791534444.694421,esp8266-01,26.5,51.9,40,False
1791534446.5522351,esp8266-01,26.5,51.9,48,False
1791534448.3888059,esp8266-01,26.5,51.9,48,False
1791534450.219039,esp8266-01,26.5,51.9,48,False
1791534452.0950797,esp8266-01,26.5,51.9,48,False
1791534453.8865724,esp8266-01,26.5,52.0,48,False
1791534456.7834604,esp8266-01,26.5,52.0,48,False
1791534459.4210613,esp8266-01,26.5,52.1,48,False
1791534461.2184014,esp8266-01,26.5,52.0,48,False
1791534463.0835109,esp8266-01,26.4,52.0,48,False
1791534464.8838127,esp8266-01,26.5,52.0,48,False
1791534466.7537615,esp8266-01,26.5,52.0,48,False
1791534470.7721786,esp8266-01,26.5,52.0,48,True
1791534473.1608477,esp8266-01,26.4,52.1,48,True
1791534474.9842184,esp8266-01,26.5,52.0,48,True
1791534476.8220792,esp8266-01,26.5,52.2,48,True
1791534478.6285856,esp8266-01,26.4,52.2,40,False
1791534480.487466,esp8266-01,26.4,52.2,48,True
1791534482.3167963,esp8266-01,26.5,52.2,48,True
1791534484.152467,esp8266-01,26.4,52.2,48,True
1791534487.3736596,esp8266-01,26.4,52.2,48,True
1791534489.6855707,esp8266-01,26.4,52.2,486,True
1791534491.4858217,esp8266-01,26.5,52.2,377,True
1791534493.3465917,esp8266-01,26.4,52.2,306,True
1791534495.1521735,esp8266-01,26.4,52.3,339,False
1791534497.0158339,esp8266-01,26.4,52.3,325,False
1791534498.8172047,esp8266-01,26.4,52.3,266,True
1791534503.4114099,esp8266-01,26.4,52.3,234,True
1791534505.2323968,esp8266-01,26.4,52.3,249,True
1791534506.9788065,esp8266-01,26.4,52.3,249,False
1791534508.8766997,esp8266-01,26.4,52.4,197,False
1791534510.73262,esp8266-01,26.4,52.3,188,True
1791534512.5656836,esp8266-01,26.4,52.3,171,True
1791534514.400777,esp8266-01,26.4,52.3,159,True
1791534517.4912238,esp8266-01,26.5,52.3,148,False
1791534519.9421504,esp8266-01,26.5,52.8,132,False
1791534521.7334096,esp8266-01,26.5,52.8,125,False
1791534523.6005723,esp8266-01,26.5,52.7,122,False
1791534525.400278,esp8266-01,26.6,54.3,118,True
1791534527.2535834,esp8266-01,26.6,58.7,114,True
1791534529.0651217,esp8266-01,26.7,57.5,112,True
1791534530.915006,esp8266-01,26.9,58.0,110,True
1791534535.4296787,esp8266-01,27.1,57.0,98,False
1791534537.2776747,esp8266-01,27.3,56.2,104,False
1791534539.0947258,esp8266-01,27.5,54.7,96,False
1791534540.9328847,esp8266-01,27.7,53.7,100,False
1791534542.7622523,esp8266-01,27.9,52.7,99,False
1791534544.6004806,esp8266-01,28.0,51.9,98,False
1791534546.4291334,esp8266-01,28.2,51.8,96,False
1791534548.2638733,esp8266-01,28.4,51.9,94,False
1791534551.2583675,esp8266-01,28.5,51.3,94,False
1791534553.8030367,esp8266-01,28.6,51.5,89,True
1791534555.5970273,esp8266-01,28.6,52.0,89,True
1791534557.4087486,esp8266-01,28.6,52.2,80,True
1791534559.2637408,esp8266-01,28.6,52.0,86,False
1791534561.0740466,esp8266-01,28.6,51.7,78,False
1791534562.9288204,esp8266-01,28.5,51.4,85,True
1791534564.7741973,esp8266-01,28.5,51.2,85,True
1791534569.3413692,esp8266-01,28.5,50.8,85,True
1791534571.0939496,esp8266-01,28.5,50.8,85,False
1791534573.0042052,esp8266-01,28.5,50.4,81,False
1791534574.8392138,esp8266-01,28.4,50.4,84,True
1791534576.671205,esp8266-01,28.4,50.2,80,True
1791534578.506762,esp8266-01,28.3,50.1,78,True
1791534581.4247725,esp8266-01,28.3,50.1,80,True
1791534585.183305,esp8266-01,28.2,50.0,76,False
1791534587.7124555,esp8266-01,28.2,50.0,75,False
1791534589.5061178,esp8266-01,28.1,49.9,75,False
1791534591.3671355,esp8266-01,28.1,49.9,75,False
1791534593.1720397,esp8266-01,28.1,50.0,74,False
1791534595.021317,esp8266-01,28.1,49.9,72,False
1791534596.8362112,esp8266-01,28.0,49.9,66,False
1791534601.378298,esp8266-01,28.0,49.9,73,True
1791534603.1967652,esp8266-01,27.9,50.0,72,True
1791534605.0341532,esp8266-01,27.9,49.9,74,True
1791534606.863639,esp8266-01,27.9,49.9,70,True
1791534608.7010922,esp8266-01,27.9,50.0,69,False
1791534610.5299065,esp8266-01,27.9,50.0,70,False
1791534612.3673153,esp8266-01,27.8,50.0,69,False
1791534615.648639,esp8266-01,27.8,50.1,68,False
1791534617.9115624,esp8266-01,27.8,50.1,68,False
1791534619.6990087,esp8266-01,27.8,50.1,68,False
1791534621.5563166,esp8266-01,27.8,50.2,68,False
1791534623.3647537,esp8266-01,27.7,50.2,67,False
1791534625.2152627,esp8266-01,27.7,50.1,67,False
1791534627.0110307,esp8266-01,27.7,50.2,60,False
1791534628.881942,esp8266-01,27.7,50.2,65,False
1791534630.6943517,esp8266-01,27.7,50.2,57,False
1791534635.288041,esp8266-01,27.6,50.3,67,False
1791534637.1153433,esp8266-01,27.6,50.2,57,False
1791534638.948544,esp8266-01,27.6,50.2,64,False
1791534640.780737,esp8266-01,27.6,50.2,65,False
1791534642.6159062,esp8266-01,27.6,50.4,64,False
1791534645.8993914,esp8266-01,27.6,50.3,64,False
1791534650.1203098,esp8266-01,27.5,50.4,64,False
1791534651.8166573,esp8266-01,27.5,50.4,64,False
1791534653.614762,esp8266-01,27.5,50.4,62,False
1791534655.469555,esp8266-01,27.5,50.4,62,False
1791534657.2590723,esp8266-01,27.5,50.5,56,False
1791534659.1318285,esp8266-01,27.4,50.5,62,False
1791534660.9470015,esp8266-01,27.4,50.6,62,True
1791534662.7959864,esp8266-01,27.4,50.6,64,True
1791534667.3624158,esp8266-01,27.4,50.6,62,True
1791534669.204804,esp8266-01,27.4,50.7,62,True
1791534671.0289526,esp8266-01,27.4,50.7,63,False
1791534672.865931,esp8266-01,27.3,50.7,61,True
1791534674.6956787,esp8266-01,27.3,50.7,61,True
1791534676.530423,esp8266-01,27.3,50.8,62,True
1791534678.168333,esp8266-01,27.3,50.8,62,False
1791534680.197774,esp8266-01,27.3,50.8,60,False
1791534684.050935,esp8266-01,27.3,50.9,61,False
1791534685.7333367,esp8266-01,27.3,50.4,60,False
1791534687.5308707,esp8266-01,27.3,50.5,52,False
1791534689.3954706,esp8266-01,27.2,50.4,58,False
1791534691.1971917,esp8266-01,27.3,50.5,58,False
1791534693.0472884,esp8266-01,27.2,50.5,61,False
1791534694.8626611,esp8266-01,27.2,50.6,58,False
1791534699.3843386,esp8266-01,27.2,50.5,58,False
1791534701.2076135,esp8266-01,27.2,50.5,60,False
1791534703.044727,esp8266-01,27.2,50.7,58,False
1791534704.8827074,esp8266-01,27.2,50.7,58,False
1791534706.7119179,esp8266-01,27.2,50.6,60,False
1791534709.9072428,esp8266-01,27.1,50.7,57,False
1791534712.2481232,esp8266-01,27.1,50.7,60,False
1791534715.255798,esp8266-01,27.1,50.7,60,True
1791534717.7084877,esp8266-01,27.1,50.8,60,True
1791534719.5682228,esp8266-01,27.1,50.8,57,True
1791534721.3741593,esp8266-01,27.1,50.7,56,False
1791534723.2297542,esp8266-01,27.1,50.8,58,False
1791534725.0422719,esp8266-01,27.1,50.9,49,False
1791534726.8897414,esp8266-01,27.0,50.8,56,False
1791534728.7071452,esp8266-01,27.0,51.0,50,False
1791534733.3138647,esp8266-01,27.0,50.9,56,False
1791534735.1392334,esp8266-01,27.0,50.9,56,False
1791534736.9749184,esp8266-01,27.0,51.0,57,False
1791534738.803627,esp8266-01,27.0,51.0,56,False
1791534740.6367283,esp8266-01,27.0,51.0,56,True
1791534744.3289304,esp8266-01,27.0,51.1,58,True
1791534746.1164346,esp8266-01,27.0,51.1,56,True
1791534747.9738855,esp8266-01,26.9,51.1,57,False
1791534749.649606,esp8266-01,26.9,51.1,57,True
1791534751.6398256,esp8266-01,26.9,51.2,56,True
1791534753.5040193,esp8266-01,27.0,51.2,57,True
1791534755.3067784,esp8266-01,26.9,51.2,56,True
1791534757.1546988,esp8266-01,26.9,51.2,55,False
1791534758.9486673,esp8266-01,26.9,51.3,57,False
1791534760.8166695,esp8266-01,27.0,51.3,55,False
1791534765.3843327,esp8266-01,26.9,51.3,55,False
1791534767.2247696,esp8266-01,26.9,51.3,57,False
1791534769.0520074,esp8266-01,26.9,51.3,55,False
1791534770.8891993,esp8266-01,26.9,51.3,55,False
1791534773.931649,esp8266-01,26.9,51.4,56,False
1791534776.419083,esp8266-01,26.9,51.3,55,False
1791534778.221077,esp8266-01,26.9,51.4,56,False
1791534780.0925827,esp8266-01,26.9,51.5,55,False
1791534781.88534,esp8266-01,26.9,51.4,54,False
1791534783.7514503,esp8266-01,26.9,51.4,56,True
1791534785.5512183,esp8266-01,26.9,51.4,55,True
1791534787.3994792,esp8266-01,26.9,51.5,55,True
1791534789.217625,esp8266-01,26.9,51.5,56,True
1791534791.2968946,esp8266-01,26.9,51.5,56,False
1791534792.8887682,esp8266-01,26.8,51.5,52,False
1791534797.3974822,esp8266-01,26.9,51.5,56,False
1791534799.2219577,esp8266-01,26.8,51.6,52,False
1791534801.0586638,esp8266-01,26.8,51.6,52,False
1791534804.0617223,esp8266-01,26.8,51.6,55,False
1791534806.4074306,esp8266-01,26.8,51.6,52,True
1791534808.3884468,esp8266-01,26.8,51.6,56,True
1791534810.255189,esp8266-01,26.8,51.8,54,True
1791534812.0557685,esp8266-01,26.8,51.8,55,True
1791534813.9229133,esp8266-01,26.8,51.8,55,False
1791534815.7237926,esp8266-01,26.8,51.7,52,False
1791534817.5787501,esp8266-01,26.8,51.6,52,False
1791534819.3888006,esp8266-01,26.8,51.6,48,False
1791534821.240226,esp8266-01,26.8,51.6,52,False
1791534823.1206982,esp8266-01,26.8,51.6,45,False
1791534825.089614,esp8266-01,26.8,51.6,52,False
1791534826.7207184,esp8266-01,26.8,51.7,55,False
1791534829.262314,esp8266-01,26.7,51.7,52,False
1791534831.0976827,esp8266-01,26.7,51.9,55,True
1791534832.9865143,esp8266-01,26.7,51.8,52,True
1791534834.7640166,esp8266-01,26.8,51.9,52,True
1791534836.353485,esp8266-01,26.8,51.9,52,False
1791534838.5124907,esp8266-01,26.7,51.9,55,True
1791534846.8611124,esp8266-01,26.7,51.9,52,True
1791534849.197944,esp8266-01,26.7,52.0,52,True
1791534850.993558,esp8266-01,26.7,51.9,51,False
1791534852.8470697,esp8266-01,26.7,52.0,54,False
1791534854.6604087,esp8266-01,26.7,52.0,51,False
1791534856.5101967,esp8266-01,26.7,51.9,52,True
1791534858.328009,esp8266-01,26.7,51.9,55,True
1791534860.171652,esp8266-01,26.7,51.9,51,True
1791534863.036628,esp8266-01,26.7,51.9,51,False
1791534865.2459013,esp8266-01,26.7,51.9,54,False
1791534867.0758502,esp8266-01,26.7,51.9,51,False
1791534868.909236,esp8266-01,26.7,51.9,51,False
1791534872.3748906,esp8266-01,26.7,52.0,52,False
1791534874.45188,esp8266-01,26.7,51.8,51,False
1791534876.244209,esp8266-01,26.7,51.9,52,False
1791534878.1137843,esp8266-01,26.7,51.8,51,False
1791534879.908896,esp8266-01,26.7,51.8,51,False
1791534881.77408,esp8266-01,26.7,51.9,52,False
1791534883.574546,esp8266-01,26.7,51.9,51,False
1791534885.4275866,esp8266-01,26.6,51.8,51,False
1791534887.2406075,esp8266-01,26.6,51.8,52,False
1791534889.0807662,esp8266-01,26.6,51.8,51,False
1791534890.9074712,esp8266-01,26.7,51.9,51,False
1791534895.4407272,esp8266-01,26.7,51.9,52,False
1791534897.2672725,esp8266-01,26.7,52.0,51,False
1791534899.102745,esp8266-01,26.6,51.9,50,False
1791534901.9120786,esp8266-01,26.7,52.0,52,False
1791534904.644715,esp8266-01,26.6,52.0,50,False
1791534906.4377031,esp8266-01,26.6,52.0,52,False
1791534909.7244475,esp8266-01,26.6,52.0,50,False
1791534911.9552004,esp8266-01,26.6,52.0,52,True
1791534913.8378167,esp8266-01,26.6,52.0,43,True
1791534917.2402635,esp8266-01,26.6,52.1,51,True
1791534919.3772578,esp8266-01,26.6,52.1,50,False
1791534921.1604986,esp8266-01,26.6,52.1,44,False
1791534923.0410416,esp8266-01,26.6,52.2,50,False
1791534924.7680204,esp8266-01,26.6,52.1,51,False
1791534929.3521717,esp8266-01,26.6,52.2,50,False
1791534931.1822863,esp8266-01,26.6,52.2,50,False
1791534933.0162623,esp8266-01,26.6,52.2,52,False
1791534935.82476,esp8266-01,26.6,52.2,50,False
1791534940.4231527,esp8266-01,26.6,52.2,52,False
1791534942.2093203,esp8266-01,26.6,52.3,50,True
1791534944.090674,esp8266-01,26.5,52.2,45,True
1791534945.695405,esp8266-01,26.5,52.2,45,False
1791534947.682391,esp8266-01,26.6,52.3,51,False
1791534949.5291946,esp8266-01,26.6,52.3,51,True
1791534951.350216,esp8266-01,26.6,52.3,50,True
1791534953.1895893,esp8266-01,26.5,52.3,52,True
1791534955.0154235,esp8266-01,26.6,52.3,50,False
1791534956.8499696,esp8266-01,26.6,52.3,50,False
1791534961.3682055,esp8266-01,26.5,52.2,51,False
1791534963.203253,esp8266-01,26.6,52.2,50,False
1791534966.328455,esp8266-01,26.6,52.2,50,False
1791534970.0670922,esp8266-01,26.6,52.2,50,False
1791534972.3976903,esp8266-01,26.5,52.2,51,False
1791534974.2054434,esp8266-01,26.6,52.2,42,False
1791534976.2509768,esp8266-01,26.6,52.2,51,True
1791534977.8683128,esp8266-01,26.6,52.3,51,True
1791534979.724738,esp8266-01,26.6,52.2,50,True
1791534981.5343614,esp8266-01,26.5,52.3,50,True
1791534983.3856106,esp8266-01,26.5,52.3,51,False
1791534985.2034416,esp8266-01,26.6,52.3,50,True
1791534987.048241,esp8266-01,26.5,52.3,50,True
1791534988.8697846,esp8266-01,26.6,52.5,52,True
1791534990.7073,esp8266-01,26.5,52.6,50,True
1791534994.25114,esp8266-01,26.5,52.6,50,False
1791534996.4606233,esp8266-01,26.5,52.6,50,True
1791535000.3203528,esp8266-01,26.5,52.5,50,True
1791535002.6524057,esp8266-01,26.5,52.4,51,True
1791535004.4568775,esp8266-01,26.5,52.5,50,False
1791535006.3212187,esp8266-01,26.6,52.4,50,True
1791535008.1223664,esp8266-01,26.5,52.5,52,True
1791535009.9726818,esp8266-01,26.5,52.5,50,True
1791535011.8569922,esp8266-01,26.5,52.5,50,False
1791535013.6393979,esp8266-01,26.5,52.4,49,False
1791535015.2313707,esp8266-01,26.5,52.4,49,True
1791535017.3477998,esp8266-01,26.5,52.5,50,True
1791535019.1221044,esp8266-01,26.5,52.5,51,True
1791535020.957098,esp8266-01,26.5,52.5,50,True
1791535022.7880905,esp8266-01,26.5,52.5,49,False
1791535027.372626,esp8266-01,26.5,52.5,52,True
1791535030.5704448,esp8266-01,26.5,52.5,51,True
1791535032.9111674,esp8266-01,26.5,52.5,52,True
1791535034.7056975,esp8266-01,26.5,52.5,50,False
1791535036.5804954,esp8266-01,26.5,52.5,50,False
1791535038.3722339,esp8266-01,26.5,52.5,51,False
1791535040.2308593,esp8266-01,26.5,52.6,50,False
1791535042.037928,esp8266-01,26.5,52.4,50,False
1791535043.9349432,esp8266-01,26.5,52.4,45,False
1791535045.770542,esp8266-01,26.5,52.5,50,False
1791535047.547087,esp8266-01,26.5,52.5,51,False
1791535049.3700733,esp8266-01,26.5,52.6,50,False
1791535051.2081861,esp8266-01,26.5,52.5,50,True
1791535053.0379243,esp8266-01,26.5,52.6,51,True
1791535054.8751333,esp8266-01,26.5,52.4,50,True
1791535059.379098,esp8266-01,26.5,52.6,50,True
1791535061.2133763,esp8266-01,26.5,52.5,50,False
1791535064.241697,esp8266-01,26.5,52.5,49,False
1791535066.7932444,esp8266-01,26.5,52.5,51,True
1791535068.5463989,esp8266-01,26.5,52.4,50,True
1791535070.4127362,esp8266-01,26.5,52.5,50,True
1791535072.2114806,esp8266-01,26.5,52.4,51,False
1791535074.0774953,esp8266-01,26.5,52.4,50,False
1791535077.2630355,esp8266-01,26.5,52.4,50,True
1791535082.8288724,esp8266-01,26.5,52.4,42,True
1791535085.0466905,esp8266-01,26.5,52.5,50,False
1791535088.144756,esp8266-01,26.5,52.5,50,True
1791535094.5302649,esp8266-01,26.5,52.5,50,True
1791535096.5516512,esp8266-01,26.5,52.5,50,False
1791535098.819807,esp8266-01,26.5,52.5,50,False
1791535100.6861534,esp8266-01,26.5,52.5,50,True
1791535102.4809296,esp8266-01,26.5,52.5,51,True
1791535104.3462334,esp8266-01,26.5,52.5,50,True
1791535108.4691145,esp8266-01,26.5,52.5,50,False
1791535110.6235378,esp8266-01,26.5,52.6,44,True
1791535113.5373487,esp8266-01,26.5,52.5,44,True
1791535117.7573857,esp8266-01,26.5,52.5,50,True
1791535119.8306031,esp8266-01,26.5,52.6,50,True
1791535125.3940237,esp8266-01,26.5,52.6,51,True
1791535127.271874,esp8266-01,26.5,52.5,50,True
1791535129.0604272,esp8266-01,26.5,52.5,50,True
1791535131.02523,esp8266-01,26.5,52.5,50,True
1791535132.8063507,esp8266-01,26.5,52.6,50,True
1791535135.9356742,esp8266-01,26.5,52.6,51,True
1791535137.7842646,esp8266-01,26.5,52.6,50,False
1791535139.661254,esp8266-01,26.5,52.6,49,True
1791535141.9072816,esp8266-01,26.5,52.6,50,True
1791535143.7267866,esp8266-01,26.5,52.6,50,True
1791535145.5667446,esp8266-01,26.5,52.6,51,True
1791535147.392757,esp8266-01,26.5,52.6,49,False
1791535149.883787,esp8266-01,26.5,52.6,49,True
1791535152.8949928,esp8266-01,26.5,52.6,50,True
1791535157.401869,esp8266-01,26.5,52.6,50,True
1791535159.2571323,esp8266-01,26.5,52.6,51,False
1791535162.189322,esp8266-01,26.5,52.6,50,True
1791535164.789788,esp8266-01,26.5,52.6,50,True
1791535166.5912297,esp8266-01,26.4,52.7,51,True
1791535168.4024224,esp8266-01,26.5,52.6,49,False
1791535170.257128,esp8266-01,26.5,52.6,49,False
1791535172.1050625,esp8266-01,26.4,52.6,51,True
1791535173.9008265,esp8266-01,26.5,52.6,50,True
1791535175.766377,esp8266-01,26.5,52.6,50,True
1791535178.112721,esp8266-01,26.5,52.6,50,False
1791535181.2573967,esp8266-01,26.5,52.7,49,False
1791535183.092586,esp8266-01,26.4,52.6,50,False
1791535184.9233844,esp8266-01,26.4,52.7,49,False
1791535186.760828,esp8266-01,26.4,52.7,50,True
1791535192.4305358,esp8266-01,26.4,52.6,51,True
1791535196.1664598,esp8266-01,26.4,52.7,49,True
1791535200.1040924,esp8266-01,26.4,52.7,50,True
1791535202.3646147,esp8266-01,26.4,52.7,49,True
1791535204.2345333,esp8266-01,26.4,52.6,41,False
1791535206.0133712,esp8266-01,26.4,52.6,49,False
1791535208.313211,esp8266-01,26.4,52.7,41,False
1791535211.5006387,esp8266-01,26.4,52.7,49,True
1791535213.334496,esp8266-01,26.4,52.7,49,True
1791535215.1671555,esp8266-01,26.4,52.7,49,True
1791535217.004435,esp8266-01,26.4,52.7,49,False
1791535223.1608653,esp8266-01,26.4,52.7,49,False
1791535225.227374,esp8266-01,26.4,52.7,48,False
1791535227.0288787,esp8266-01,26.4,52.7,49,False
1791535228.9024322,esp8266-01,26.4,52.7,48,False
1791535230.694258,esp8266-01,26.4,52.7,49,False
1791535232.5650826,esp8266-01,26.4,52.7,49,False
1791535234.3604176,esp8266-01,26.4,52.7,48,False
1791535236.2085278,esp8266-01,26.4,52.8,48,False
1791535238.0260766,esp8266-01,26.4,52.8,48,False
1791535239.8713505,esp8266-01,26.4,52.8,48,False
1791535241.69335,esp8266-01,26.4,52.8,48,False
1791535243.5305114,esp8266-01,26.4,52.7,48,False
1791535245.08077,esp8266-01,26.4,52.7,48,True
1791535247.1956108,esp8266-01,26.4,52.8,49,True
1791535250.119776,esp8266-01,26.4,52.8,49,True
1791535255.7611675,esp8266-01,26.4,52.8,49,False
1791535257.2802944,esp8266-01,26.4,52.9,48,False
1791535259.152985,esp8266-01,26.4,52.9,49,True
1791535260.9433098,esp8266-01,26.4,52.9,49,True
1791535262.8172812,esp8266-01,26.4,52.9,49,True
1791535264.530913,esp8266-01,26.4,52.9,49,False
1791535266.471273,esp8266-01,26.4,52.8,48,False
1791535268.807325,esp8266-01,26.4,52.8,48,True
1791535271.9428325,esp8266-01,26.4,52.9,49,True
1791535273.7816598,esp8266-01,26.4,52.8,49,True
1791535275.610691,esp8266-01,26.4,52.9,48,False
1791535277.4427128,esp8266-01,26.4,52.9,48,False
1791535280.0153625,esp8266-01,26.4,52.9,48,True
1791535283.0071697,esp8266-01,26.4,52.9,49,True
1791535284.7778225,esp8266-01,26.4,52.9,49,True
1791535289.671634,esp8266-01,26.4,52.9,49,False
1791535291.1922228,esp8266-01,26.4,53.1,49,True
1791535294.412004,esp8266-01,26.4,53.0,49,True
1791535296.7236629,esp8266-01,26.4,53.0,48,True
1791535298.5234208,esp8266-01,26.4,52.9,48,False
1791535300.3728094,esp8266-01,26.4,52.8,48,True
1791535302.189006,esp8266-01,26.4,52.8,41,True
1791535304.0337427,esp8266-01,26.4,52.7,49,True
1791535305.8564312,esp8266-01,26.4,52.6,41,True
1791535307.6958914,esp8266-01,26.4,52.8,48,False
1791535309.524588,esp8266-01,26.4,52.7,48,True
1791535311.362094,esp8266-01,26.4,52.7,49,True
1791535314.395708,esp8266-01,26.4,52.8,48,True
1791535316.8957195,esp8266-01,26.4,52.8,48,False
1791535321.3717747,esp8266-01,26.3,52.8,48,False
1791535324.1734183,esp8266-01,26.4,52.8,48,False
1791535328.7719116,esp8266-01,26.4,52.8,48,False
1791535330.5549471,esp8266-01,26.3,52.7,48,False
1791535332.370014,esp8266-01,26.4,52.9,48,False
1791535334.2162223,esp8266-01,26.4,52.9,48,False
1791535336.0370805,esp8266-01,26.4,52.8,48,False
1791535337.87747,esp8266-01,26.4,52.8,48,False
1791535339.7042272,esp8266-01,26.4,52.9,48,False
1791535341.5377905,esp8266-01,26.3,53.0,48,False
1791535343.3732836,esp8266-01,26.4,52.9,48,False
1791535345.205274,esp8266-01,26.4,52.8,48,True
1791535348.2158635,esp8266-01,26.4,52.8,48,True
1791535350.3081787,esp8266-01,26.4,52.9,48,False
1791535355.2996395,esp8266-01,26.4,52.9,48,False
1791535357.165675,esp8266-01,26.4,53.0,48,True
1791535358.9659543,esp8266-01,26.3,52.8,48,True
1791535360.8264046,esp8266-01,26.4,52.9,48,True
1791535362.629088,esp8266-01,26.4,52.9,48,False
1791535364.1524959,esp8266-01,26.4,52.9,40,True
1791535366.2978325,esp8266-01,26.4,52.9,48,True
1791535368.1405578,esp8266-01,26.4,52.9,49,True
1791535369.9649708,esp8266-01,26.4,52.8,48,True
1791535372.0870252,esp8266-01,26.4,52.8,48,False
1791535373.6311255,esp8266-01,26.4,52.9,48,False
1791535376.218482,esp8266-01,26.3,52.9,48,False
1791535379.133821,esp8266-01,26.4,53.0,48,False
1791535381.0033672,esp8266-01,26.4,52.9,48,False
1791535382.799899,esp8266-01,26.4,52.9,48,False
1791535387.4305506,esp8266-01,26.3,53.0,48,True
1791535389.216054,esp8266-01,26.4,53.0,49,True
1791535391.0778909,esp8266-01,26.3,52.9,48,True
1791535394.2858894,esp8266-01,26.3,52.9,48,False
1791535396.54673,esp8266-01,26.3,53.0,40,False
1791535398.3921812,esp8266-01,26.3,52.9,48,False
1791535400.2124345,esp8266-01,26.3,53.0,40,False
1791535402.0663946,esp8266-01,26.3,52.9,48,False
1791535403.8580635,esp8266-01,26.3,53.0,41,True
1791535405.7149777,esp8266-01,26.3,53.0,48,True
1791535407.5479593,esp8266-01,26.4,53.0,48,True
1791535409.381695,esp8266-01,26.3,53.0,48,False
1791535411.2588756,esp8266-01,26.3,53.0,46,False
1791535413.0482798,esp8266-01,26.3,52.9,48,True
1791535416.2619286,esp8266-01,26.3,53.1,48,True
1791535419.4133224,esp8266-01,26.4,52.9,48,True
1791535423.1485436,esp8266-01,26.3,53.0,48,True
1791535424.9351516,esp8266-01,26.3,53.0,48,False
1791535426.7487392,esp8266-01,26.3,53.0,48,False
1791535428.5939393,esp8266-01,26.4,53.0,48,False
1791535430.4132628,esp8266-01,26.4,53.0,46,False
1791535432.2593896,esp8266-01,26.3,53.0,48,True
1791535434.083199,esp8266-01,26.4,53.0,48,True
1791535435.9162693,esp8266-01,26.3,53.0,48,True
1791535437.7454991,esp8266-01,26.3,53.0,48,True
1791535439.5810895,esp8266-01,26.3,52.9,48,False
1791535443.0498927,esp8266-01,26.3,53.0,48,True
1791535446.3676143,esp8266-01,26.3,52.9,48,True
1791535448.7770762,esp8266-01,26.3,52.9,46,False
1791535453.3217587,esp8266-01,26.3,52.9,46,False
1791535455.1314535,esp8266-01,26.3,52.9,40,False
1791535456.9874957,esp8266-01,26.3,52.9,48,True
1791535458.838003,esp8266-01,26.3,53.0,48,True
1791535460.6540265,esp8266-01,26.3,53.0,48,True
1791535462.3611782,esp8266-01,26.3,53.0,48,False
1791535464.3201926,esp8266-01,26.3,53.0,46,False
1791535466.1647725,esp8266-01,26.3,53.0,48,False
1791535467.9884918,esp8266-01,26.3,53.0,48,True
1791535469.9669433,esp8266-01,26.3,53.1,48,True
1791535471.654498,esp8266-01,26.3,53.1,48,True
1791535473.4883435,esp8266-01,26.3,53.1,48,True
1791535476.4014525,esp8266-01,26.3,53.0,46,False
1791535477.9430702,esp8266-01,26.3,52.9,48,True
1791535569.6427653,esp8266-01,26.3,52.9,40,True
1791535576.3375382,esp8266-01,26.4,52.9,40,True
1791535578.175461,esp8266-01,26.3,52.9,40,True
1791535583.385796,esp8266-01,26.3,52.9,40,False
1791535586.3920128,esp8266-01,26.3,52.9,38,False
1791535588.2179132,esp8266-01,26.3,52.9,46,False
1791535590.0545807,esp8266-01,26.3,53.0,46,False
1791535591.8624818,esp8266-01,26.3,52.9,39,False
1791535593.718342,esp8266-01,26.3,53.0,46,False
1791535596.8212578,esp8266-01,26.3,52.9,46,False
1791535600.5080745,esp8266-01,26.3,53.0,46,False
1791535602.9307609,esp8266-01,26.3,53.0,46,False
1791535604.5984895,esp8266-01,26.3,53.0,46,True
1791535606.5758395,esp8266-01,26.3,52.9,48,True
1791535608.384095,esp8266-01,26.3,52.9,48,True
1791535610.230341,esp8266-01,26.3,52.9,48,True
1791535612.0506465,esp8266-01,26.3,52.9,48,False
1791535616.5633585,esp8266-01,26.3,52.9,48,True
1791535618.4740007,esp8266-01,26.3,52.9,48,True
1791535620.3134074,esp8266-01,26.3,52.9,48,True
1791535622.1424375,esp8266-01,26.3,52.9,144,True
1791535623.976077,esp8266-01,26.3,52.9,261,False
1791535626.5979981,esp8266-01,26.3,52.9,261,True
1791535630.7271233,esp8266-01,26.3,53.0,254,True
1791535633.176256,esp8266-01,26.3,52.9,180,False
1791535634.9753852,esp8266-01,26.3,53.0,161,True
1791535636.8340368,esp8266-01,26.3,52.9,147,True
1791535638.6406505,esp8266-01,26.3,52.9,136,True
1791535640.4908624,esp8266-01,26.3,53.0,127,True
1791535642.3713741,esp8266-01,26.3,53.0,127,True
1791535644.150199,esp8266-01,26.3,53.0,485,True
1791535648.721279,esp8266-01,26.3,53.0,485,True
1791535650.5609117,esp8266-01,26.3,53.0,450,True
1791535652.9526725,esp8266-01,26.3,53.0,450,False
1791535658.076509,esp8266-01,26.3,53.1,224,False
1791535659.956255,esp8266-01,26.3,53.2,201,False
1791535661.5576808,esp8266-01,26.3,53.4,176,False
1791535663.421606,esp8266-01,26.3,53.6,169,True
1791535665.224364,esp8266-01,26.3,53.6,160,True
1791535668.250915,esp8266-01,26.3,53.5,153,True
1791535670.753623,esp8266-01,26.3,53.5,138,False
1791535672.556444,esp8266-01,26.3,53.7,133,False
1791535674.4023204,esp8266-01,26.3,53.6,127,False
1791535676.2246222,esp8266-01,26.4,53.6,123,False
1791535678.0626512,esp8266-01,26.3,53.6,118,False
1791535684.0257714,esp8266-01,26.3,53.6,118,True
1791535686.2305763,esp8266-01,26.3,53.3,112,True
1791535688.064253,esp8266-01,26.4,53.2,109,True
1791535689.566039,esp8266-01,26.4,53.2,109,False
1791535691.9147713,esp8266-01,26.4,53.2,106,False
1791535694.722172,esp8266-01,26.4,53.0,103,False
1791535697.2776675,esp8266-01,26.4,52.9,99,True
1791535699.0635564,esp8266-01,26.4,52.8,99,True
1791535700.9299445,esp8266-01,26.4,52.8,97,True
1791535702.7290618,esp8266-01,26.4,52.9,94,False
1791535704.58208,esp8266-01,26.4,52.8,96,False
1791535706.3964112,esp8266-01,26.4,52.7,93,False
1791535708.240421,esp8266-01,26.4,52.7,90,False
1791535710.062791,esp8266-01,26.4,52.7,90,False
1791535714.6701624,esp8266-01,26.4,52.7,80,False
1791535716.496894,esp8266-01,26.4,52.8,88,False
1791535718.3327096,esp8266-01,26.4,52.8,88,False
1791535720.1631083,esp8266-01,26.4,52.8,87,True
1791535721.9984183,esp8266-01,26.4,52.7,87,True
1791535724.9298596,esp8266-01,26.4,52.8,87,True
1791535727.4746506,esp8266-01,26.4,52.8,84,False
1791535729.3316004,esp8266-01,26.4,52.8,84,False
1791535731.1416535,esp8266-01,26.4,52.7,81,False
1791535732.9979932,esp8266-01,26.4,52.7,81,False
1791535736.163046,esp8266-01,26.4,52.8,81,False
1791535738.5094845,esp8266-01,26.4,52.8,78,False
1791535740.330118,esp8266-01,26.3,52.8,72,False
1791535743.5774722,esp8266-01,26.4,52.8,69,False
1791535746.7242084,esp8266-01,26.3,52.8,76,False
1791535748.5784948,esp8266-01,26.3,52.7,77,False
1791535750.4114606,esp8266-01,26.4,52.8,76,False
1791535752.2455578,esp8266-01,26.4,52.8,76,True
1791535755.7124157,esp8266-01,26.3,52.7,76,True
1791535758.9340086,esp8266-01,26.4,52.9,75,True
1791535761.3894367,esp8266-01,26.4,52.9,74,False
1791535763.246707,esp8266-01,26.4,52.8,72,False
1791535765.1063542,esp8266-01,26.3,52.9,74,False
1791535766.701188,esp8266-01,26.3,52.9,74,True
1791535768.7595975,esp8266-01,26.4,52.9,72,True
1791535770.5785542,esp8266-01,26.3,52.9,74,True
1791535772.4212112,esp8266-01,26.4,52.8,70,True
1791535774.2457545,esp8266-01,26.3,52.9,69,False
1791535776.0874732,esp8266-01,26.4,52.8,70,False
1791535782.8194919,esp8266-01,26.4,52.8,70,True
1791535785.3683856,esp8266-01,26.3,52.8,70,True
1791535787.273513,esp8266-01,26.3,52.8,68,False
1791535789.5705168,esp8266-01,26.4,52.9,67,False
1791535791.6457822,esp8266-01,26.4,52.9,68,False
1791535793.4412825,esp8266-01,26.3,52.9,67,False
1791535795.2976632,esp8266-01,26.3,52.9,68,False
1791535797.1069105,esp8266-01,26.3,52.9,66,False
1791535798.967377,esp8266-01,26.3,52.9,65,False
1791535800.774045,esp8266-01,26.3,52.9,67,False
1791535802.619712,esp8266-01,26.3,53.0,65,False
1791535804.4394553,esp8266-01,26.3,53.0,65,False
1791535806.2841864,esp8266-01,26.3,53.0,67,False
1791535808.1058462,esp8266-01,26.3,53.0,64,False
1791535812.6861866,esp8266-01,26.3,53.0,64,False
1791535814.5230954,esp8266-01,26.3,53.0,65,False
1791535816.35336,esp8266-01,26.3,53.0,64,False
1791535818.2269619,esp8266-01,26.3,53.1,64,False
1791535820.0081372,esp8266-01,26.3,53.1,57,False
1791535821.885745,esp8266-01,26.3,53.1,63,False
1791535823.6865342,esp8266-01,26.3,53.0,64,True
1791535825.5454907,esp8266-01,26.3,53.1,65,True
1791535827.3526518,esp8266-01,26.4,53.0,64,True
1791535829.2148473,esp8266-01,26.3,53.1,62,True
1791535831.0190022,esp8266-01,26.3,53.1,64,False
1791535832.866229,esp8266-01,26.3,53.0,62,False
1791535834.68301,esp8266-01,26.3,53.2,54,False
1791535836.5280042,esp8266-01,26.3,53.1,64,False
1791535838.350851,esp8266-01,26.3,53.2,53,False
1791535840.1939638,esp8266-01,26.3,53.2,61,False
1791535844.711511,esp8266-01,26.4,53.2,62,False
1791535846.5464764,esp8266-01,26.3,53.1,61,True
1791535850.2300396,esp8266-01,26.3,53.2,61,True
1791535853.031115,esp8266-01,26.3,53.2,61,True
1791535855.742318,esp8266-01,26.3,53.2,62,False
1791535857.5458083,esp8266-01,26.3,53.2,60,False
1791535859.4146,esp8266-01,26.3,53.2,60,False
1791535861.2112997,esp8266-01,26.3,53.2,61,False
1791535863.061797,esp8266-01,26.4,53.3,60,False
1791535864.8775325,esp8266-01,26.3,53.2,60,False
1791535866.7233205,esp8266-01,26.3,53.1,61,False
1791535868.545472,esp8266-01,26.3,53.2,58,False
1791535870.3836129,esp8266-01,26.3,53.2,58,False
1791535872.210758,esp8266-01,26.3,53.1,61,False
1791535874.0485818,esp8266-01,26.3,53.2,58,False
1791535878.6273055,esp8266-01,26.3,53.1,58,False
1791535880.4593706,esp8266-01,26.3,53.1,58,True
1791535906.6085317,esp8266-01,26.3,53.2,49,False
1791535908.8778954,esp8266-01,26.3,53.2,48,False
1791535913.5786366,esp8266-01,26.3,53.2,48,True
1791535916.2286942,esp8266-01,26.3,53.4,57,True
1791535918.062919,esp8266-01,26.3,53.5,57,False
1791535919.8682506,esp8266-01,26.3,53.7,49,True
1791535927.0130587,esp8266-01,26.3,53.7,56,True
1791535929.2113566,esp8266-01,26.3,53.7,58,True
1791535930.9200976,esp8266-01,26.3,53.7,58,False
1791535933.5310001,esp8266-01,26.3,53.6,56,False
1791535935.664856,esp8266-01,26.3,53.6,57,True
1791535937.8652747,esp8266-01,26.3,53.6,56,True
1791535939.9975708,esp8266-01,26.3,53.5,56,True
1791535942.0105782,esp8266-01,26.3,53.5,56,False
1791535944.3404338,esp8266-01,26.3,53.5,48,True
1791535947.5998116,esp8266-01,26.3,53.5,48,True
1791535949.7773988,esp8266-01,26.3,53.4,56,True
1791535951.932442,esp8266-01,26.3,53.4,56,True
1791535954.1015344,esp8266-01,26.3,53.6,55,False
1791535958.4997509,esp8266-01,26.4,53.7,56,True
1791535960.549615,esp8266-01,26.3,53.9,56,True
1791535962.2942061,esp8266-01,26.3,54.1,56,True
1791535964.3349357,esp8266-01,26.3,54.1,55,False
1791535966.2929695,esp8266-01,26.4,54.1,55,True
1791535968.3259468,esp8266-01,26.3,54.2,55,True
1791535970.293906,esp8266-01,26.3,54.1,55,True
1791535973.055434,esp8266-01,26.3,54.2,55,False
1791535974.972733,esp8266-01,26.3,54.2,55,True
1791535977.5482748,esp8266-01,26.4,54.2,48,True
1791535979.064254,esp8266-01,26.4,54.1,55,True
1791535980.935592,esp8266-01,26.4,54.1,55,True
1791535982.77119,esp8266-01,26.4,53.9,53,False
1791535984.6011198,esp8266-01,26.4,53.8,52,False
1791535986.4356349,esp8266-01,26.4,53.8,55,True
1791535989.3495746,esp8266-01,26.4,53.8,55,True
1791535991.9758387,esp8266-01,26.4,53.6,54,True
1791535993.7712858,esp8266-01,26.4,53.5,52,False
1791535995.6388185,esp8266-01,26.4,53.5,52,False
1791535997.4376352,esp8266-01,26.4,53.5,52,False
1791536001.0593426,esp8266-01,26.4,53.4,54,False
1791536002.8878698,esp8266-01,26.4,53.5,52,False
1791536004.710631,esp8266-01,26.4,53.5,52,False
1791536006.5301502,esp8266-01,26.5,53.5,52,False
1791536008.3722486,esp8266-01,26.4,53.6,52,False
1791536010.2066689,esp8266-01,26.4,53.5,52,False
1791536012.0314372,esp8266-01,26.4,53.5,45,True
1791536013.8669453,esp8266-01,26.4,53.5,45,True
1791536015.7488139,esp8266-01,26.4,53.6,45,True
1791536017.5298421,esp8266-01,26.5,53.5,53,True
1791536020.3519964,esp8266-01,26.5,53.5,52,False
1791536023.0673165,esp8266-01,26.4,53.5,52,False
1791536024.661001,esp8266-01,26.4,53.5,52,True
1791536026.727331,esp8266-01,26.5,53.4,52,True
1791536028.5306087,esp8266-01,26.4,53.4,52,True
1791536030.387667,esp8266-01,26.5,53.5,53,True
1791536034.3449757,esp8266-01,26.5,53.5,53,False
1791536036.7726662,esp8266-01,26.5,53.5,51,False
1791536038.584736,esp8266-01,26.5,53.5,51,True
1791536040.4334033,esp8266-01,26.5,53.5,52,True
1791536042.2520404,esp8266-01,26.5,53.4,52,True
1791536044.0878944,esp8266-01,26.5,53.4,52,True
1791536047.7553291,esp8266-01,26.5,53.4,52,False
1791536050.5659332,esp8266-01,26.5,53.6,51,False
1791536053.2892735,esp8266-01,26.5,53.5,51,False
1791536055.0902429,esp8266-01,26.5,53.7,51,False
1791536056.9493158,esp8266-01,26.5,53.8,51,False
1791536058.7526078,esp8266-01,26.5,53.9,51,False
1791536060.6081533,esp8266-01,26.5,53.8,51,True
1791536062.419806,esp8266-01,26.5,53.7,51,True
1791536070.6746473,esp8266-01,26.5,53.6,43,False
1791536076.1405168,esp8266-01,26.5,53.4,43,False
1791536077.9944143,esp8266-01,26.5,53.2,43,False
1791536082.024782,esp8266-01,26.5,53.2,43,True
1791536084.7451277,esp8266-01,26.5,53.1,51,True
1791536087.1900673,esp8266-01,26.6,53.1,51,False
1791536117.5849898,esp8266-01,26.5,52.4,43,True
1791536119.3675358,esp8266-01,26.5,52.4,43,True
1791536121.203459,esp8266-01,26.6,52.5,50,True
1791536126.737658,esp8266-01,26.6,52.5,42,False
1791536128.5214965,esp8266-01,26.6,52.5,42,False
1791536133.03954,esp8266-01,26.6,52.1,42,False
1791536134.873187,esp8266-01,26.6,52.0,42,False
1791536136.7071714,esp8266-01,26.6,51.9,42,True
1791536138.5635104,esp8266-01,26.5,51.8,50,True
1791536140.4072514,esp8266-01,26.6,51.8,50,True
1791536142.2299862,esp8266-01,26.5,51.6,50,True
1791536144.0662303,esp8266-01,26.5,51.6,50,False
1791536145.8952787,esp8266-01,26.6,51.6,49,False
1791536147.7318356,esp8266-01,26.6,51.6,49,False
1791536149.5641234,esp8266-01,26.5,51.6,49,False
1791536151.3984396,esp8266-01,26.6,51.5,49,False
1791536165.127624,esp8266-01,26.6,51.2,42,True
1791536176.3845274,esp8266-01,26.5,51.2,42,True
